п»їFrom;To;Max Flow (MW);Min Flow (MW);Data Year;Source;Note
AF-вЂ‹вЂ‹вЂ‹вЂ‹вЂ‹вЂ‹AGO;AF-вЂ‹вЂ‹вЂ‹вЂ‹вЂ‹вЂ‹COD;0;0;2015;[108];
AF-вЂ‹вЂ‹вЂ‹вЂ‹вЂ‹вЂ‹AGO;AF-вЂ‹вЂ‹вЂ‹вЂ‹вЂ‹вЂ‹COG;0;0;2015;[108];
AF-вЂ‹вЂ‹вЂ‹вЂ‹вЂ‹вЂ‹AGO;AF-вЂ‹вЂ‹вЂ‹вЂ‹вЂ‹вЂ‹NAM;0;0;2015;[108];
AF-вЂ‹вЂ‹вЂ‹вЂ‹вЂ‹вЂ‹AGO;AF-вЂ‹вЂ‹вЂ‹вЂ‹вЂ‹вЂ‹ZMB;0;0;2015;[108];
AF-вЂ‹вЂ‹вЂ‹вЂ‹вЂ‹вЂ‹BDI;AF-вЂ‹вЂ‹вЂ‹вЂ‹вЂ‹вЂ‹COD;475;-вЂ‹вЂ‹вЂ‹вЂ‹вЂ‹вЂ‹475;2015;[108];
AF-вЂ‹вЂ‹вЂ‹вЂ‹вЂ‹вЂ‹BDI;AF-вЂ‹вЂ‹вЂ‹вЂ‹вЂ‹вЂ‹RWA;430;-вЂ‹вЂ‹вЂ‹вЂ‹вЂ‹вЂ‹430;2015;[108];
AF-вЂ‹вЂ‹вЂ‹вЂ‹вЂ‹вЂ‹BDI;AF-вЂ‹вЂ‹вЂ‹вЂ‹вЂ‹вЂ‹TZA;0;0;2015;[108];
AF-вЂ‹вЂ‹вЂ‹вЂ‹вЂ‹вЂ‹BEN;AF-вЂ‹вЂ‹вЂ‹вЂ‹вЂ‹вЂ‹BFA;0;0;2015;[108];
AF-вЂ‹вЂ‹вЂ‹вЂ‹вЂ‹вЂ‹BEN;AF-вЂ‹вЂ‹вЂ‹вЂ‹вЂ‹вЂ‹GHA;936;-вЂ‹вЂ‹вЂ‹вЂ‹вЂ‹вЂ‹936;2015;[108];
AF-вЂ‹вЂ‹вЂ‹вЂ‹вЂ‹вЂ‹BEN;AF-вЂ‹вЂ‹вЂ‹вЂ‹вЂ‹вЂ‹NER;0;0;2015;[108];
AF-вЂ‹вЂ‹вЂ‹вЂ‹вЂ‹вЂ‹BEN;AF-вЂ‹вЂ‹вЂ‹вЂ‹вЂ‹вЂ‹NGA;686;-вЂ‹вЂ‹вЂ‹вЂ‹вЂ‹вЂ‹686;2015;[108];
AF-вЂ‹вЂ‹вЂ‹вЂ‹вЂ‹вЂ‹BEN;AF-вЂ‹вЂ‹вЂ‹вЂ‹вЂ‹вЂ‹TGO;0;0;2015;[108];
AF-вЂ‹вЂ‹вЂ‹вЂ‹вЂ‹вЂ‹BFA;AF-вЂ‹вЂ‹вЂ‹вЂ‹вЂ‹вЂ‹CIV;327;-вЂ‹вЂ‹вЂ‹вЂ‹вЂ‹вЂ‹327;2015;[108];
AF-вЂ‹вЂ‹вЂ‹вЂ‹вЂ‹вЂ‹BFA;AF-вЂ‹вЂ‹вЂ‹вЂ‹вЂ‹вЂ‹GHA;0;0;2015;[108];
AF-вЂ‹вЂ‹вЂ‹вЂ‹вЂ‹вЂ‹BFA;AF-вЂ‹вЂ‹вЂ‹вЂ‹вЂ‹вЂ‹MLI;0;0;2015;[108];
AF-вЂ‹вЂ‹вЂ‹вЂ‹вЂ‹вЂ‹BFA;AF-вЂ‹вЂ‹вЂ‹вЂ‹вЂ‹вЂ‹NER;0;0;2015;[108];
AF-вЂ‹вЂ‹вЂ‹вЂ‹вЂ‹вЂ‹BFA;AF-вЂ‹вЂ‹вЂ‹вЂ‹вЂ‹вЂ‹TGO;0;0;2015;[108];
AF-вЂ‹вЂ‹вЂ‹вЂ‹вЂ‹вЂ‹BWA;AF-вЂ‹вЂ‹вЂ‹вЂ‹вЂ‹вЂ‹NAM;0;0;2015;[108];
AF-вЂ‹вЂ‹вЂ‹вЂ‹вЂ‹вЂ‹BWA;AF-вЂ‹вЂ‹вЂ‹вЂ‹вЂ‹вЂ‹ZAF;1300;-вЂ‹вЂ‹вЂ‹вЂ‹вЂ‹вЂ‹1300;2015;[108];
AF-вЂ‹вЂ‹вЂ‹вЂ‹вЂ‹вЂ‹BWA;AF-вЂ‹вЂ‹вЂ‹вЂ‹вЂ‹вЂ‹ZMB;0;0;2015;[108];
AF-вЂ‹вЂ‹вЂ‹вЂ‹вЂ‹вЂ‹BWA;AF-вЂ‹вЂ‹вЂ‹вЂ‹вЂ‹вЂ‹ZWE;650;-вЂ‹вЂ‹вЂ‹вЂ‹вЂ‹вЂ‹650;2015;[108];
AF-вЂ‹вЂ‹вЂ‹вЂ‹вЂ‹вЂ‹CAF;AF-вЂ‹вЂ‹вЂ‹вЂ‹вЂ‹вЂ‹CMR;0;0;2015;[108];
AF-вЂ‹вЂ‹вЂ‹вЂ‹вЂ‹вЂ‹CAF;AF-вЂ‹вЂ‹вЂ‹вЂ‹вЂ‹вЂ‹COD;0;0;2015;[108];
AF-вЂ‹вЂ‹вЂ‹вЂ‹вЂ‹вЂ‹CAF;AF-вЂ‹вЂ‹вЂ‹вЂ‹вЂ‹вЂ‹COG;0;0;2015;[108];
AF-вЂ‹вЂ‹вЂ‹вЂ‹вЂ‹вЂ‹CAF;AF-вЂ‹вЂ‹вЂ‹вЂ‹вЂ‹вЂ‹SDN;0;0;2015;[108];
AF-вЂ‹вЂ‹вЂ‹вЂ‹вЂ‹вЂ‹CIV;AF-вЂ‹вЂ‹вЂ‹вЂ‹вЂ‹вЂ‹GHA;982;-вЂ‹вЂ‹вЂ‹вЂ‹вЂ‹вЂ‹982;2015;[108];
AF-вЂ‹вЂ‹вЂ‹вЂ‹вЂ‹вЂ‹CIV;AF-вЂ‹вЂ‹вЂ‹вЂ‹вЂ‹вЂ‹GIN;0;0;2015;[108];
AF-вЂ‹вЂ‹вЂ‹вЂ‹вЂ‹вЂ‹CIV;AF-вЂ‹вЂ‹вЂ‹вЂ‹вЂ‹вЂ‹LBR;338;-вЂ‹вЂ‹вЂ‹вЂ‹вЂ‹вЂ‹338;2015;[108];
AF-вЂ‹вЂ‹вЂ‹вЂ‹вЂ‹вЂ‹CIV;AF-вЂ‹вЂ‹вЂ‹вЂ‹вЂ‹вЂ‹MLI;0;0;2015;[108];
AF-вЂ‹вЂ‹вЂ‹вЂ‹вЂ‹вЂ‹CMR;AF-вЂ‹вЂ‹вЂ‹вЂ‹вЂ‹вЂ‹COG;0;0;2015;[108];
AF-вЂ‹вЂ‹вЂ‹вЂ‹вЂ‹вЂ‹CMR;AF-вЂ‹вЂ‹вЂ‹вЂ‹вЂ‹вЂ‹GAB;0;0;2015;[108];
AF-вЂ‹вЂ‹вЂ‹вЂ‹вЂ‹вЂ‹CMR;AF-вЂ‹вЂ‹вЂ‹вЂ‹вЂ‹вЂ‹GNQ;0;0;2015;[108];
AF-вЂ‹вЂ‹вЂ‹вЂ‹вЂ‹вЂ‹CMR;AF-вЂ‹вЂ‹вЂ‹вЂ‹вЂ‹вЂ‹NGA;0;0;2015;[108];
AF-вЂ‹вЂ‹вЂ‹вЂ‹вЂ‹вЂ‹COD;AF-вЂ‹вЂ‹вЂ‹вЂ‹вЂ‹вЂ‹COG;60;-вЂ‹вЂ‹вЂ‹вЂ‹вЂ‹вЂ‹60;2015;[108];
AF-вЂ‹вЂ‹вЂ‹вЂ‹вЂ‹вЂ‹COD;AF-вЂ‹вЂ‹вЂ‹вЂ‹вЂ‹вЂ‹RWA;527;-вЂ‹вЂ‹вЂ‹вЂ‹вЂ‹вЂ‹527;2015;[108];
AF-вЂ‹вЂ‹вЂ‹вЂ‹вЂ‹вЂ‹COD;AF-вЂ‹вЂ‹вЂ‹вЂ‹вЂ‹вЂ‹TZA;0;0;2015;[108];
AF-вЂ‹вЂ‹вЂ‹вЂ‹вЂ‹вЂ‹COD;AF-вЂ‹вЂ‹вЂ‹вЂ‹вЂ‹вЂ‹UGA;0;0;2015;[108];
AF-вЂ‹вЂ‹вЂ‹вЂ‹вЂ‹вЂ‹COD;AF-вЂ‹вЂ‹вЂ‹вЂ‹вЂ‹вЂ‹ZMB;310;-вЂ‹вЂ‹вЂ‹вЂ‹вЂ‹вЂ‹310;2015;[108];
AF-вЂ‹вЂ‹вЂ‹вЂ‹вЂ‹вЂ‹COG;AF-вЂ‹вЂ‹вЂ‹вЂ‹вЂ‹вЂ‹GAB;0;0;2015;[108];
AF-вЂ‹вЂ‹вЂ‹вЂ‹вЂ‹вЂ‹COG;AF-вЂ‹вЂ‹вЂ‹вЂ‹вЂ‹вЂ‹RWA;0;0;2015;[108];
AF-вЂ‹вЂ‹вЂ‹вЂ‹вЂ‹вЂ‹COG;AF-вЂ‹вЂ‹вЂ‹вЂ‹вЂ‹вЂ‹TZA;0;0;2015;[108];
AF-вЂ‹вЂ‹вЂ‹вЂ‹вЂ‹вЂ‹DJI;AF-вЂ‹вЂ‹вЂ‹вЂ‹вЂ‹вЂ‹ERI;0;0;2015;[108];
AF-вЂ‹вЂ‹вЂ‹вЂ‹вЂ‹вЂ‹DJI;AF-вЂ‹вЂ‹вЂ‹вЂ‹вЂ‹вЂ‹ETH;180;-вЂ‹вЂ‹вЂ‹вЂ‹вЂ‹вЂ‹180;2015;[108];
AF-вЂ‹вЂ‹вЂ‹вЂ‹вЂ‹вЂ‹DZA;AF-вЂ‹вЂ‹вЂ‹вЂ‹вЂ‹вЂ‹ESH;0;0;2015;[108];
AF-вЂ‹вЂ‹вЂ‹вЂ‹вЂ‹вЂ‹DZA;AF-вЂ‹вЂ‹вЂ‹вЂ‹вЂ‹вЂ‹LBY;0;0;2015;[108];
AF-вЂ‹вЂ‹вЂ‹вЂ‹вЂ‹вЂ‹DZA;AF-вЂ‹вЂ‹вЂ‹вЂ‹вЂ‹вЂ‹MAR;400;-вЂ‹вЂ‹вЂ‹вЂ‹вЂ‹вЂ‹400;2013;[109] ;
AF-вЂ‹вЂ‹вЂ‹вЂ‹вЂ‹вЂ‹DZA;AF-вЂ‹вЂ‹вЂ‹вЂ‹вЂ‹вЂ‹MLI;0;0;2015;[108];
AF-вЂ‹вЂ‹вЂ‹вЂ‹вЂ‹вЂ‹DZA;AF-вЂ‹вЂ‹вЂ‹вЂ‹вЂ‹вЂ‹MRT;0;0;2015;[108];
AF-вЂ‹вЂ‹вЂ‹вЂ‹вЂ‹вЂ‹DZA;AF-вЂ‹вЂ‹вЂ‹вЂ‹вЂ‹вЂ‹NER;0;0;2015;[108];
AF-вЂ‹вЂ‹вЂ‹вЂ‹вЂ‹вЂ‹DZA;AF-вЂ‹вЂ‹вЂ‹вЂ‹вЂ‹вЂ‹TUN;150;-вЂ‹вЂ‹вЂ‹вЂ‹вЂ‹вЂ‹150;2013;[109];
AF-вЂ‹вЂ‹вЂ‹вЂ‹вЂ‹вЂ‹EGY;AF-вЂ‹вЂ‹вЂ‹вЂ‹вЂ‹вЂ‹LBY;180;-вЂ‹вЂ‹вЂ‹вЂ‹вЂ‹вЂ‹180;2013;[109] ;
AF-вЂ‹вЂ‹вЂ‹вЂ‹вЂ‹вЂ‹EGY;AF-вЂ‹вЂ‹вЂ‹вЂ‹вЂ‹вЂ‹SDN;0;0;2015;[108];
AF-вЂ‹вЂ‹вЂ‹вЂ‹вЂ‹вЂ‹EGY;AS-вЂ‹вЂ‹вЂ‹вЂ‹вЂ‹вЂ‹ISR;17;0;2015;[108];
AF-вЂ‹вЂ‹вЂ‹вЂ‹вЂ‹вЂ‹EGY;AS-вЂ‹вЂ‹вЂ‹вЂ‹вЂ‹вЂ‹JOR;450;-вЂ‹вЂ‹вЂ‹вЂ‹вЂ‹вЂ‹200;2013;[109] ;Subsea line
AF-вЂ‹вЂ‹вЂ‹вЂ‹вЂ‹вЂ‹ERI;AF-вЂ‹вЂ‹вЂ‹вЂ‹вЂ‹вЂ‹ETH;0;0;2015;[108];
AF-вЂ‹вЂ‹вЂ‹вЂ‹вЂ‹вЂ‹ERI;AF-вЂ‹вЂ‹вЂ‹вЂ‹вЂ‹вЂ‹SDN;0;0;2015;[108];
AF-вЂ‹вЂ‹вЂ‹вЂ‹вЂ‹вЂ‹ESH;AF-вЂ‹вЂ‹вЂ‹вЂ‹вЂ‹вЂ‹MAR;0;0;2015;[108];
AF-вЂ‹вЂ‹вЂ‹вЂ‹вЂ‹вЂ‹ESH;AF-вЂ‹вЂ‹вЂ‹вЂ‹вЂ‹вЂ‹MRT;0;0;2015;[108];
AF-вЂ‹вЂ‹вЂ‹вЂ‹вЂ‹вЂ‹ETH;AF-вЂ‹вЂ‹вЂ‹вЂ‹вЂ‹вЂ‹KEN;0;0;2015;[108];
AF-вЂ‹вЂ‹вЂ‹вЂ‹вЂ‹вЂ‹ETH;AF-вЂ‹вЂ‹вЂ‹вЂ‹вЂ‹вЂ‹SDN;200;-вЂ‹вЂ‹вЂ‹вЂ‹вЂ‹вЂ‹200;2015;[108];
AF-вЂ‹вЂ‹вЂ‹вЂ‹вЂ‹вЂ‹GAB;AF-вЂ‹вЂ‹вЂ‹вЂ‹вЂ‹вЂ‹GNQ;0;0;2015;[108];
AF-вЂ‹вЂ‹вЂ‹вЂ‹вЂ‹вЂ‹GHA;AF-вЂ‹вЂ‹вЂ‹вЂ‹вЂ‹вЂ‹TGO;963;-вЂ‹вЂ‹вЂ‹вЂ‹вЂ‹вЂ‹963;2015;[108];
AF-вЂ‹вЂ‹вЂ‹вЂ‹вЂ‹вЂ‹GIN;AF-вЂ‹вЂ‹вЂ‹вЂ‹вЂ‹вЂ‹GNB;0;0;2015;[108];
AF-вЂ‹вЂ‹вЂ‹вЂ‹вЂ‹вЂ‹GIN;AF-вЂ‹вЂ‹вЂ‹вЂ‹вЂ‹вЂ‹LBR;0;0;2015;[108];
AF-вЂ‹вЂ‹вЂ‹вЂ‹вЂ‹вЂ‹GIN;AF-вЂ‹вЂ‹вЂ‹вЂ‹вЂ‹вЂ‹MLI;0;0;2015;[108];
AF-вЂ‹вЂ‹вЂ‹вЂ‹вЂ‹вЂ‹GIN;AF-вЂ‹вЂ‹вЂ‹вЂ‹вЂ‹вЂ‹SEN;0;0;2015;[108];
AF-вЂ‹вЂ‹вЂ‹вЂ‹вЂ‹вЂ‹GIN;AF-вЂ‹вЂ‹вЂ‹вЂ‹вЂ‹вЂ‹SLE;0;0;2015;[108];
AF-вЂ‹вЂ‹вЂ‹вЂ‹вЂ‹вЂ‹GMB;AF-вЂ‹вЂ‹вЂ‹вЂ‹вЂ‹вЂ‹SEN;0;0;2015;[108];
AF-вЂ‹вЂ‹вЂ‹вЂ‹вЂ‹вЂ‹GNB;AF-вЂ‹вЂ‹вЂ‹вЂ‹вЂ‹вЂ‹SEN;0;0;2015;[108];
AF-вЂ‹вЂ‹вЂ‹вЂ‹вЂ‹вЂ‹KEN;AF-вЂ‹вЂ‹вЂ‹вЂ‹вЂ‹вЂ‹TZA;0;0;2015;[108];
AF-вЂ‹вЂ‹вЂ‹вЂ‹вЂ‹вЂ‹KEN;AF-вЂ‹вЂ‹вЂ‹вЂ‹вЂ‹вЂ‹UGA;418;-вЂ‹вЂ‹вЂ‹вЂ‹вЂ‹вЂ‹418;2015;[108];
AF-вЂ‹вЂ‹вЂ‹вЂ‹вЂ‹вЂ‹LBR;AF-вЂ‹вЂ‹вЂ‹вЂ‹вЂ‹вЂ‹SLE;0;0;2015;[108];
AF-вЂ‹вЂ‹вЂ‹вЂ‹вЂ‹вЂ‹LBY;AF-вЂ‹вЂ‹вЂ‹вЂ‹вЂ‹вЂ‹NER;0;0;2015;[108];
AF-вЂ‹вЂ‹вЂ‹вЂ‹вЂ‹вЂ‹LBY;AF-вЂ‹вЂ‹вЂ‹вЂ‹вЂ‹вЂ‹SDN;0;0;2015;[108];
AF-вЂ‹вЂ‹вЂ‹вЂ‹вЂ‹вЂ‹LBY;AF-вЂ‹вЂ‹вЂ‹вЂ‹вЂ‹вЂ‹TUN;200;-вЂ‹вЂ‹вЂ‹вЂ‹вЂ‹вЂ‹200;2015;[108];
AF-вЂ‹вЂ‹вЂ‹вЂ‹вЂ‹вЂ‹LSO;AF-вЂ‹вЂ‹вЂ‹вЂ‹вЂ‹вЂ‹ZAF;230;-вЂ‹вЂ‹вЂ‹вЂ‹вЂ‹вЂ‹230;2015;[108];
AF-вЂ‹вЂ‹вЂ‹вЂ‹вЂ‹вЂ‹MLI;AF-вЂ‹вЂ‹вЂ‹вЂ‹вЂ‹вЂ‹MRT;0;0;2015;[108];
AF-вЂ‹вЂ‹вЂ‹вЂ‹вЂ‹вЂ‹MLI;AF-вЂ‹вЂ‹вЂ‹вЂ‹вЂ‹вЂ‹NER;0;0;2015;[108];
AF-вЂ‹вЂ‹вЂ‹вЂ‹вЂ‹вЂ‹MLI;AF-вЂ‹вЂ‹вЂ‹вЂ‹вЂ‹вЂ‹SEN;100;-вЂ‹вЂ‹вЂ‹вЂ‹вЂ‹вЂ‹100;2015;[108];
AF-вЂ‹вЂ‹вЂ‹вЂ‹вЂ‹вЂ‹MOZ;AF-вЂ‹вЂ‹вЂ‹вЂ‹вЂ‹вЂ‹MWI;0;0;2015;[108];
AF-вЂ‹вЂ‹вЂ‹вЂ‹вЂ‹вЂ‹MOZ;AF-вЂ‹вЂ‹вЂ‹вЂ‹вЂ‹вЂ‹SWZ;1450;-вЂ‹вЂ‹вЂ‹вЂ‹вЂ‹вЂ‹1450;2015;[108];
AF-вЂ‹вЂ‹вЂ‹вЂ‹вЂ‹вЂ‹MOZ;AF-вЂ‹вЂ‹вЂ‹вЂ‹вЂ‹вЂ‹TZA;0;0;2015;[108];
AF-вЂ‹вЂ‹вЂ‹вЂ‹вЂ‹вЂ‹MOZ;AF-вЂ‹вЂ‹вЂ‹вЂ‹вЂ‹вЂ‹ZAF;3850;-вЂ‹вЂ‹вЂ‹вЂ‹вЂ‹вЂ‹3850;2015;[108];
AF-вЂ‹вЂ‹вЂ‹вЂ‹вЂ‹вЂ‹MOZ;AF-вЂ‹вЂ‹вЂ‹вЂ‹вЂ‹вЂ‹ZMB;0;0;2015;[108];
AF-вЂ‹вЂ‹вЂ‹вЂ‹вЂ‹вЂ‹MOZ;AF-вЂ‹вЂ‹вЂ‹вЂ‹вЂ‹вЂ‹ZWE;700;-вЂ‹вЂ‹вЂ‹вЂ‹вЂ‹вЂ‹700;2015;[108];
AF-вЂ‹вЂ‹вЂ‹вЂ‹вЂ‹вЂ‹MRT;AF-вЂ‹вЂ‹вЂ‹вЂ‹вЂ‹вЂ‹SEN;0;0;2015;[108];
AF-вЂ‹вЂ‹вЂ‹вЂ‹вЂ‹вЂ‹MWI;AF-вЂ‹вЂ‹вЂ‹вЂ‹вЂ‹вЂ‹TZA;0;0;2015;[108];
AF-вЂ‹вЂ‹вЂ‹вЂ‹вЂ‹вЂ‹MWI;AF-вЂ‹вЂ‹вЂ‹вЂ‹вЂ‹вЂ‹ZMB;0;0;2015;[108];
AF-вЂ‹вЂ‹вЂ‹вЂ‹вЂ‹вЂ‹NAM;AF-вЂ‹вЂ‹вЂ‹вЂ‹вЂ‹вЂ‹ZAF;750;-вЂ‹вЂ‹вЂ‹вЂ‹вЂ‹вЂ‹750;2015;[108];
AF-вЂ‹вЂ‹вЂ‹вЂ‹вЂ‹вЂ‹NAM;AF-вЂ‹вЂ‹вЂ‹вЂ‹вЂ‹вЂ‹ZMB;200;-вЂ‹вЂ‹вЂ‹вЂ‹вЂ‹вЂ‹200;2015;[108];
AF-вЂ‹вЂ‹вЂ‹вЂ‹вЂ‹вЂ‹NER;AF-вЂ‹вЂ‹вЂ‹вЂ‹вЂ‹вЂ‹NGA;169;-вЂ‹вЂ‹вЂ‹вЂ‹вЂ‹вЂ‹169;2015;[108];
AF-вЂ‹вЂ‹вЂ‹вЂ‹вЂ‹вЂ‹NGA;AF-вЂ‹вЂ‹вЂ‹вЂ‹вЂ‹вЂ‹TGO;686;-вЂ‹вЂ‹вЂ‹вЂ‹вЂ‹вЂ‹686;2015;[108];
AF-вЂ‹вЂ‹вЂ‹вЂ‹вЂ‹вЂ‹RWA;AF-вЂ‹вЂ‹вЂ‹вЂ‹вЂ‹вЂ‹TZA;0;0;2015;[108];
AF-вЂ‹вЂ‹вЂ‹вЂ‹вЂ‹вЂ‹RWA;AF-вЂ‹вЂ‹вЂ‹вЂ‹вЂ‹вЂ‹UGA;250;-вЂ‹вЂ‹вЂ‹вЂ‹вЂ‹вЂ‹250;2015;[108];
AF-вЂ‹вЂ‹вЂ‹вЂ‹вЂ‹вЂ‹SWZ;AF-вЂ‹вЂ‹вЂ‹вЂ‹вЂ‹вЂ‹ZAF;1450;-вЂ‹вЂ‹вЂ‹вЂ‹вЂ‹вЂ‹1450;2015;[108];
AF-вЂ‹вЂ‹вЂ‹вЂ‹вЂ‹вЂ‹TZA;AF-вЂ‹вЂ‹вЂ‹вЂ‹вЂ‹вЂ‹UGA;59;-вЂ‹вЂ‹вЂ‹вЂ‹вЂ‹вЂ‹59;2015;[108];
AF-вЂ‹вЂ‹вЂ‹вЂ‹вЂ‹вЂ‹TZA;AF-вЂ‹вЂ‹вЂ‹вЂ‹вЂ‹вЂ‹ZMB;0;0;2015;[108];
AF-вЂ‹вЂ‹вЂ‹вЂ‹вЂ‹вЂ‹ZAF;AF-вЂ‹вЂ‹вЂ‹вЂ‹вЂ‹вЂ‹ZWE;600;-вЂ‹вЂ‹вЂ‹вЂ‹вЂ‹вЂ‹600;2015;[108];
AF-вЂ‹вЂ‹вЂ‹вЂ‹вЂ‹вЂ‹ZMB;AF-вЂ‹вЂ‹вЂ‹вЂ‹вЂ‹вЂ‹ZWE;700;-вЂ‹вЂ‹вЂ‹вЂ‹вЂ‹вЂ‹700;2015;[108];
AS-вЂ‹вЂ‹вЂ‹вЂ‹вЂ‹вЂ‹AFG;AS-вЂ‹вЂ‹вЂ‹вЂ‹вЂ‹вЂ‹CHN-вЂ‹вЂ‹вЂ‹вЂ‹вЂ‹вЂ‹XI;0;0;2015;[110];
AS-вЂ‹вЂ‹вЂ‹вЂ‹вЂ‹вЂ‹AFG;AS-вЂ‹вЂ‹вЂ‹вЂ‹вЂ‹вЂ‹IRN;56;-вЂ‹вЂ‹вЂ‹вЂ‹вЂ‹вЂ‹56;2006;[111];
AS-вЂ‹вЂ‹вЂ‹вЂ‹вЂ‹вЂ‹AFG;AS-вЂ‹вЂ‹вЂ‹вЂ‹вЂ‹вЂ‹PAK;0;0;2018;[112];
AS-вЂ‹вЂ‹вЂ‹вЂ‹вЂ‹вЂ‹AFG;AS-вЂ‹вЂ‹вЂ‹вЂ‹вЂ‹вЂ‹TJK;300;-вЂ‹вЂ‹вЂ‹вЂ‹вЂ‹вЂ‹300;2006;[111];
AS-вЂ‹вЂ‹вЂ‹вЂ‹вЂ‹вЂ‹AFG;AS-вЂ‹вЂ‹вЂ‹вЂ‹вЂ‹вЂ‹TKM;300;-вЂ‹вЂ‹вЂ‹вЂ‹вЂ‹вЂ‹300;2006;[111];
AS-вЂ‹вЂ‹вЂ‹вЂ‹вЂ‹вЂ‹AFG;AS-вЂ‹вЂ‹вЂ‹вЂ‹вЂ‹вЂ‹UZB;300;-вЂ‹вЂ‹вЂ‹вЂ‹вЂ‹вЂ‹300;2017;[113];
AS-вЂ‹вЂ‹вЂ‹вЂ‹вЂ‹вЂ‹ARE;AS-вЂ‹вЂ‹вЂ‹вЂ‹вЂ‹вЂ‹OMN;400;-вЂ‹вЂ‹вЂ‹вЂ‹вЂ‹вЂ‹400;2013;[109];
AS-вЂ‹вЂ‹вЂ‹вЂ‹вЂ‹вЂ‹ARE;AS-вЂ‹вЂ‹вЂ‹вЂ‹вЂ‹вЂ‹SAU;900;-вЂ‹вЂ‹вЂ‹вЂ‹вЂ‹вЂ‹900;2013;[109];
AS-вЂ‹вЂ‹вЂ‹вЂ‹вЂ‹вЂ‹BGD;AS-вЂ‹вЂ‹вЂ‹вЂ‹вЂ‹вЂ‹IND-вЂ‹вЂ‹вЂ‹вЂ‹вЂ‹вЂ‹EA;500;-вЂ‹вЂ‹вЂ‹вЂ‹вЂ‹вЂ‹500;2018;[114];
AS-вЂ‹вЂ‹вЂ‹вЂ‹вЂ‹вЂ‹BGD;AS-вЂ‹вЂ‹вЂ‹вЂ‹вЂ‹вЂ‹IND-вЂ‹вЂ‹вЂ‹вЂ‹вЂ‹вЂ‹NE;160;-вЂ‹вЂ‹вЂ‹вЂ‹вЂ‹вЂ‹160;2018;[114];
AS-вЂ‹вЂ‹вЂ‹вЂ‹вЂ‹вЂ‹BGD;AS-вЂ‹вЂ‹вЂ‹вЂ‹вЂ‹вЂ‹MMR;0;0;2018;[114];
AS-вЂ‹вЂ‹вЂ‹вЂ‹вЂ‹вЂ‹BHR;AS-вЂ‹вЂ‹вЂ‹вЂ‹вЂ‹вЂ‹SAU;600;-вЂ‹вЂ‹вЂ‹вЂ‹вЂ‹вЂ‹600;2013;[109];
AS-вЂ‹вЂ‹вЂ‹вЂ‹вЂ‹вЂ‹BRN;AS-вЂ‹вЂ‹вЂ‹вЂ‹вЂ‹вЂ‹MYS;0;0;2015;[115,116];
AS-вЂ‹вЂ‹вЂ‹вЂ‹вЂ‹вЂ‹BTN;AS-вЂ‹вЂ‹вЂ‹вЂ‹вЂ‹вЂ‹CHN-вЂ‹вЂ‹вЂ‹вЂ‹вЂ‹вЂ‹TI;0;0;2015;[110];
AS-вЂ‹вЂ‹вЂ‹вЂ‹вЂ‹вЂ‹BTN;AS-вЂ‹вЂ‹вЂ‹вЂ‹вЂ‹вЂ‹IND-вЂ‹вЂ‹вЂ‹вЂ‹вЂ‹вЂ‹EA;1980;0;2014;[117];
AS-вЂ‹вЂ‹вЂ‹вЂ‹вЂ‹вЂ‹CHN-вЂ‹вЂ‹вЂ‹вЂ‹вЂ‹вЂ‹AN;AS-вЂ‹вЂ‹вЂ‹вЂ‹вЂ‹вЂ‹CHN-вЂ‹вЂ‹вЂ‹вЂ‹вЂ‹вЂ‹HB;4000;-вЂ‹вЂ‹вЂ‹вЂ‹вЂ‹вЂ‹4000;2016;[69вЂ“71];
AS-вЂ‹вЂ‹вЂ‹вЂ‹вЂ‹вЂ‹CHN-вЂ‹вЂ‹вЂ‹вЂ‹вЂ‹вЂ‹AN;AS-вЂ‹вЂ‹вЂ‹вЂ‹вЂ‹вЂ‹CHN-вЂ‹вЂ‹вЂ‹вЂ‹вЂ‹вЂ‹HE;0;0;2016;[69вЂ“71];
AS-вЂ‹вЂ‹вЂ‹вЂ‹вЂ‹вЂ‹CHN-вЂ‹вЂ‹вЂ‹вЂ‹вЂ‹вЂ‹AN;AS-вЂ‹вЂ‹вЂ‹вЂ‹вЂ‹вЂ‹CHN-вЂ‹вЂ‹вЂ‹вЂ‹вЂ‹вЂ‹HU;0;0;2016;[69вЂ“71];
AS-вЂ‹вЂ‹вЂ‹вЂ‹вЂ‹вЂ‹CHN-вЂ‹вЂ‹вЂ‹вЂ‹вЂ‹вЂ‹AN;AS-вЂ‹вЂ‹вЂ‹вЂ‹вЂ‹вЂ‹CHN-вЂ‹вЂ‹вЂ‹вЂ‹вЂ‹вЂ‹JS;5000;-вЂ‹вЂ‹вЂ‹вЂ‹вЂ‹вЂ‹5000;2016;[69вЂ“71];
AS-вЂ‹вЂ‹вЂ‹вЂ‹вЂ‹вЂ‹CHN-вЂ‹вЂ‹вЂ‹вЂ‹вЂ‹вЂ‹AN;AS-вЂ‹вЂ‹вЂ‹вЂ‹вЂ‹вЂ‹CHN-вЂ‹вЂ‹вЂ‹вЂ‹вЂ‹вЂ‹JX;0;0;2016;[69вЂ“71];
AS-вЂ‹вЂ‹вЂ‹вЂ‹вЂ‹вЂ‹CHN-вЂ‹вЂ‹вЂ‹вЂ‹вЂ‹вЂ‹AN;AS-вЂ‹вЂ‹вЂ‹вЂ‹вЂ‹вЂ‹CHN-вЂ‹вЂ‹вЂ‹вЂ‹вЂ‹вЂ‹SD;0;0;2016;[69вЂ“71];
AS-вЂ‹вЂ‹вЂ‹вЂ‹вЂ‹вЂ‹CHN-вЂ‹вЂ‹вЂ‹вЂ‹вЂ‹вЂ‹AN;AS-вЂ‹вЂ‹вЂ‹вЂ‹вЂ‹вЂ‹CHN-вЂ‹вЂ‹вЂ‹вЂ‹вЂ‹вЂ‹ZH;0;0;2016;[69вЂ“71];
AS-вЂ‹вЂ‹вЂ‹вЂ‹вЂ‹вЂ‹CHN-вЂ‹вЂ‹вЂ‹вЂ‹вЂ‹вЂ‹BE;AS-вЂ‹вЂ‹вЂ‹вЂ‹вЂ‹вЂ‹CHN-вЂ‹вЂ‹вЂ‹вЂ‹вЂ‹вЂ‹EM;5000;-вЂ‹вЂ‹вЂ‹вЂ‹вЂ‹вЂ‹5000;2016;[69вЂ“71];
AS-вЂ‹вЂ‹вЂ‹вЂ‹вЂ‹вЂ‹CHN-вЂ‹вЂ‹вЂ‹вЂ‹вЂ‹вЂ‹BE;AS-вЂ‹вЂ‹вЂ‹вЂ‹вЂ‹вЂ‹CHN-вЂ‹вЂ‹вЂ‹вЂ‹вЂ‹вЂ‹HB;4000;-вЂ‹вЂ‹вЂ‹вЂ‹вЂ‹вЂ‹4000;2016;[69вЂ“71];
AS-вЂ‹вЂ‹вЂ‹вЂ‹вЂ‹вЂ‹CHN-вЂ‹вЂ‹вЂ‹вЂ‹вЂ‹вЂ‹BE;AS-вЂ‹вЂ‹вЂ‹вЂ‹вЂ‹вЂ‹CHN-вЂ‹вЂ‹вЂ‹вЂ‹вЂ‹вЂ‹TJ;5000;-вЂ‹вЂ‹вЂ‹вЂ‹вЂ‹вЂ‹5000;2016;[69вЂ“71];
AS-вЂ‹вЂ‹вЂ‹вЂ‹вЂ‹вЂ‹CHN-вЂ‹вЂ‹вЂ‹вЂ‹вЂ‹вЂ‹CH;AS-вЂ‹вЂ‹вЂ‹вЂ‹вЂ‹вЂ‹CHN-вЂ‹вЂ‹вЂ‹вЂ‹вЂ‹вЂ‹GU;0;0;2016;[69вЂ“71];
AS-вЂ‹вЂ‹вЂ‹вЂ‹вЂ‹вЂ‹CHN-вЂ‹вЂ‹вЂ‹вЂ‹вЂ‹вЂ‹CH;AS-вЂ‹вЂ‹вЂ‹вЂ‹вЂ‹вЂ‹CHN-вЂ‹вЂ‹вЂ‹вЂ‹вЂ‹вЂ‹HB;4000;-вЂ‹вЂ‹вЂ‹вЂ‹вЂ‹вЂ‹4000;2016;[69вЂ“71];
AS-вЂ‹вЂ‹вЂ‹вЂ‹вЂ‹вЂ‹CHN-вЂ‹вЂ‹вЂ‹вЂ‹вЂ‹вЂ‹CH;AS-вЂ‹вЂ‹вЂ‹вЂ‹вЂ‹вЂ‹CHN-вЂ‹вЂ‹вЂ‹вЂ‹вЂ‹вЂ‹HN;0;0;2016;[69вЂ“71];
AS-вЂ‹вЂ‹вЂ‹вЂ‹вЂ‹вЂ‹CHN-вЂ‹вЂ‹вЂ‹вЂ‹вЂ‹вЂ‹CH;AS-вЂ‹вЂ‹вЂ‹вЂ‹вЂ‹вЂ‹CHN-вЂ‹вЂ‹вЂ‹вЂ‹вЂ‹вЂ‹HU;0;0;2016;[69вЂ“71];
AS-вЂ‹вЂ‹вЂ‹вЂ‹вЂ‹вЂ‹CHN-вЂ‹вЂ‹вЂ‹вЂ‹вЂ‹вЂ‹CH;AS-вЂ‹вЂ‹вЂ‹вЂ‹вЂ‹вЂ‹CHN-вЂ‹вЂ‹вЂ‹вЂ‹вЂ‹вЂ‹SC;4000;-вЂ‹вЂ‹вЂ‹вЂ‹вЂ‹вЂ‹4000;2016;[69вЂ“71];
AS-вЂ‹вЂ‹вЂ‹вЂ‹вЂ‹вЂ‹CHN-вЂ‹вЂ‹вЂ‹вЂ‹вЂ‹вЂ‹CH;AS-вЂ‹вЂ‹вЂ‹вЂ‹вЂ‹вЂ‹CHN-вЂ‹вЂ‹вЂ‹вЂ‹вЂ‹вЂ‹SI;0;0;2016;[69вЂ“71];
AS-вЂ‹вЂ‹вЂ‹вЂ‹вЂ‹вЂ‹CHN-вЂ‹вЂ‹вЂ‹вЂ‹вЂ‹вЂ‹CH;AS-вЂ‹вЂ‹вЂ‹вЂ‹вЂ‹вЂ‹CHN-вЂ‹вЂ‹вЂ‹вЂ‹вЂ‹вЂ‹SX;0;0;2016;[69вЂ“71];
AS-вЂ‹вЂ‹вЂ‹вЂ‹вЂ‹вЂ‹CHN-вЂ‹вЂ‹вЂ‹вЂ‹вЂ‹вЂ‹EM;AS-вЂ‹вЂ‹вЂ‹вЂ‹вЂ‹вЂ‹CHN-вЂ‹вЂ‹вЂ‹вЂ‹вЂ‹вЂ‹HB;4000;-вЂ‹вЂ‹вЂ‹вЂ‹вЂ‹вЂ‹4000;2016;[69вЂ“71];
AS-вЂ‹вЂ‹вЂ‹вЂ‹вЂ‹вЂ‹CHN-вЂ‹вЂ‹вЂ‹вЂ‹вЂ‹вЂ‹EM;AS-вЂ‹вЂ‹вЂ‹вЂ‹вЂ‹вЂ‹CHN-вЂ‹вЂ‹вЂ‹вЂ‹вЂ‹вЂ‹HJ;0;0;2016;[69вЂ“71];
AS-вЂ‹вЂ‹вЂ‹вЂ‹вЂ‹вЂ‹CHN-вЂ‹вЂ‹вЂ‹вЂ‹вЂ‹вЂ‹EM;AS-вЂ‹вЂ‹вЂ‹вЂ‹вЂ‹вЂ‹CHN-вЂ‹вЂ‹вЂ‹вЂ‹вЂ‹вЂ‹JI;0;0;2016;[69вЂ“71];
AS-вЂ‹вЂ‹вЂ‹вЂ‹вЂ‹вЂ‹CHN-вЂ‹вЂ‹вЂ‹вЂ‹вЂ‹вЂ‹EM;AS-вЂ‹вЂ‹вЂ‹вЂ‹вЂ‹вЂ‹CHN-вЂ‹вЂ‹вЂ‹вЂ‹вЂ‹вЂ‹LI;4000;-вЂ‹вЂ‹вЂ‹вЂ‹вЂ‹вЂ‹4000;2016;[69вЂ“71];
AS-вЂ‹вЂ‹вЂ‹вЂ‹вЂ‹вЂ‹CHN-вЂ‹вЂ‹вЂ‹вЂ‹вЂ‹вЂ‹EM;AS-вЂ‹вЂ‹вЂ‹вЂ‹вЂ‹вЂ‹CHN-вЂ‹вЂ‹вЂ‹вЂ‹вЂ‹вЂ‹SD;14400;-вЂ‹вЂ‹вЂ‹вЂ‹вЂ‹вЂ‹14400;2016;[69вЂ“71];
AS-вЂ‹вЂ‹вЂ‹вЂ‹вЂ‹вЂ‹CHN-вЂ‹вЂ‹вЂ‹вЂ‹вЂ‹вЂ‹EM;AS-вЂ‹вЂ‹вЂ‹вЂ‹вЂ‹вЂ‹CHN-вЂ‹вЂ‹вЂ‹вЂ‹вЂ‹вЂ‹TJ;4000;-вЂ‹вЂ‹вЂ‹вЂ‹вЂ‹вЂ‹4000;2016;[69вЂ“71];
AS-вЂ‹вЂ‹вЂ‹вЂ‹вЂ‹вЂ‹CHN-вЂ‹вЂ‹вЂ‹вЂ‹вЂ‹вЂ‹EM;AS-вЂ‹вЂ‹вЂ‹вЂ‹вЂ‹вЂ‹CHN-вЂ‹вЂ‹вЂ‹вЂ‹вЂ‹вЂ‹WM;0;0;2016;[69вЂ“71];
AS-вЂ‹вЂ‹вЂ‹вЂ‹вЂ‹вЂ‹CHN-вЂ‹вЂ‹вЂ‹вЂ‹вЂ‹вЂ‹EM;AS-вЂ‹вЂ‹вЂ‹вЂ‹вЂ‹вЂ‹MNG;0;0;2016;[69вЂ“71];
AS-вЂ‹вЂ‹вЂ‹вЂ‹вЂ‹вЂ‹CHN-вЂ‹вЂ‹вЂ‹вЂ‹вЂ‹вЂ‹FU;AS-вЂ‹вЂ‹вЂ‹вЂ‹вЂ‹вЂ‹CHN-вЂ‹вЂ‹вЂ‹вЂ‹вЂ‹вЂ‹GD;0;0;2016;[69вЂ“71];
AS-вЂ‹вЂ‹вЂ‹вЂ‹вЂ‹вЂ‹CHN-вЂ‹вЂ‹вЂ‹вЂ‹вЂ‹вЂ‹FU;AS-вЂ‹вЂ‹вЂ‹вЂ‹вЂ‹вЂ‹CHN-вЂ‹вЂ‹вЂ‹вЂ‹вЂ‹вЂ‹JX;0;0;2016;[69вЂ“71];
AS-вЂ‹вЂ‹вЂ‹вЂ‹вЂ‹вЂ‹CHN-вЂ‹вЂ‹вЂ‹вЂ‹вЂ‹вЂ‹FU;AS-вЂ‹вЂ‹вЂ‹вЂ‹вЂ‹вЂ‹CHN-вЂ‹вЂ‹вЂ‹вЂ‹вЂ‹вЂ‹ZH;0;0;2016;[69вЂ“71];
AS-вЂ‹вЂ‹вЂ‹вЂ‹вЂ‹вЂ‹CHN-вЂ‹вЂ‹вЂ‹вЂ‹вЂ‹вЂ‹GA;AS-вЂ‹вЂ‹вЂ‹вЂ‹вЂ‹вЂ‹CHN-вЂ‹вЂ‹вЂ‹вЂ‹вЂ‹вЂ‹JS;7200;-вЂ‹вЂ‹вЂ‹вЂ‹вЂ‹вЂ‹7200;2016;[69вЂ“71];
AS-вЂ‹вЂ‹вЂ‹вЂ‹вЂ‹вЂ‹CHN-вЂ‹вЂ‹вЂ‹вЂ‹вЂ‹вЂ‹GA;AS-вЂ‹вЂ‹вЂ‹вЂ‹вЂ‹вЂ‹CHN-вЂ‹вЂ‹вЂ‹вЂ‹вЂ‹вЂ‹NI;0;0;2016;[69вЂ“71];
AS-вЂ‹вЂ‹вЂ‹вЂ‹вЂ‹вЂ‹CHN-вЂ‹вЂ‹вЂ‹вЂ‹вЂ‹вЂ‹GA;AS-вЂ‹вЂ‹вЂ‹вЂ‹вЂ‹вЂ‹CHN-вЂ‹вЂ‹вЂ‹вЂ‹вЂ‹вЂ‹QI;0;0;2016;[69вЂ“71];
AS-вЂ‹вЂ‹вЂ‹вЂ‹вЂ‹вЂ‹CHN-вЂ‹вЂ‹вЂ‹вЂ‹вЂ‹вЂ‹GA;AS-вЂ‹вЂ‹вЂ‹вЂ‹вЂ‹вЂ‹CHN-вЂ‹вЂ‹вЂ‹вЂ‹вЂ‹вЂ‹SC;0;0;2016;[69вЂ“71];
AS-вЂ‹вЂ‹вЂ‹вЂ‹вЂ‹вЂ‹CHN-вЂ‹вЂ‹вЂ‹вЂ‹вЂ‹вЂ‹GA;AS-вЂ‹вЂ‹вЂ‹вЂ‹вЂ‹вЂ‹CHN-вЂ‹вЂ‹вЂ‹вЂ‹вЂ‹вЂ‹SI;0;0;2016;[69вЂ“71];
AS-вЂ‹вЂ‹вЂ‹вЂ‹вЂ‹вЂ‹CHN-вЂ‹вЂ‹вЂ‹вЂ‹вЂ‹вЂ‹GA;AS-вЂ‹вЂ‹вЂ‹вЂ‹вЂ‹вЂ‹CHN-вЂ‹вЂ‹вЂ‹вЂ‹вЂ‹вЂ‹WM;0;0;2016;[69вЂ“71];
AS-вЂ‹вЂ‹вЂ‹вЂ‹вЂ‹вЂ‹CHN-вЂ‹вЂ‹вЂ‹вЂ‹вЂ‹вЂ‹GA;AS-вЂ‹вЂ‹вЂ‹вЂ‹вЂ‹вЂ‹CHN-вЂ‹вЂ‹вЂ‹вЂ‹вЂ‹вЂ‹XI;0;0;2016;[69вЂ“71];
AS-вЂ‹вЂ‹вЂ‹вЂ‹вЂ‹вЂ‹CHN-вЂ‹вЂ‹вЂ‹вЂ‹вЂ‹вЂ‹GA;AS-вЂ‹вЂ‹вЂ‹вЂ‹вЂ‹вЂ‹MNG;0;0;2015;[110];
AS-вЂ‹вЂ‹вЂ‹вЂ‹вЂ‹вЂ‹CHN-вЂ‹вЂ‹вЂ‹вЂ‹вЂ‹вЂ‹GD;AS-вЂ‹вЂ‹вЂ‹вЂ‹вЂ‹вЂ‹CHN-вЂ‹вЂ‹вЂ‹вЂ‹вЂ‹вЂ‹GX;0;0;2016;[69вЂ“71];
AS-вЂ‹вЂ‹вЂ‹вЂ‹вЂ‹вЂ‹CHN-вЂ‹вЂ‹вЂ‹вЂ‹вЂ‹вЂ‹GD;AS-вЂ‹вЂ‹вЂ‹вЂ‹вЂ‹вЂ‹CHN-вЂ‹вЂ‹вЂ‹вЂ‹вЂ‹вЂ‹HA;600;-вЂ‹вЂ‹вЂ‹вЂ‹вЂ‹вЂ‹600;2015;[118];
AS-вЂ‹вЂ‹вЂ‹вЂ‹вЂ‹вЂ‹CHN-вЂ‹вЂ‹вЂ‹вЂ‹вЂ‹вЂ‹GD;AS-вЂ‹вЂ‹вЂ‹вЂ‹вЂ‹вЂ‹CHN-вЂ‹вЂ‹вЂ‹вЂ‹вЂ‹вЂ‹HK;1978;-вЂ‹вЂ‹вЂ‹вЂ‹вЂ‹вЂ‹1978;2014-вЂ‹вЂ‹вЂ‹вЂ‹вЂ‹вЂ‹2018;[119];Estimate1
AS-вЂ‹вЂ‹вЂ‹вЂ‹вЂ‹вЂ‹CHN-вЂ‹вЂ‹вЂ‹вЂ‹вЂ‹вЂ‹GD;AS-вЂ‹вЂ‹вЂ‹вЂ‹вЂ‹вЂ‹CHN-вЂ‹вЂ‹вЂ‹вЂ‹вЂ‹вЂ‹HN;0;0;2016;[69вЂ“71];
AS-вЂ‹вЂ‹вЂ‹вЂ‹вЂ‹вЂ‹CHN-вЂ‹вЂ‹вЂ‹вЂ‹вЂ‹вЂ‹GD;AS-вЂ‹вЂ‹вЂ‹вЂ‹вЂ‹вЂ‹CHN-вЂ‹вЂ‹вЂ‹вЂ‹вЂ‹вЂ‹JX;0;0;2016;[69вЂ“71];
AS-вЂ‹вЂ‹вЂ‹вЂ‹вЂ‹вЂ‹CHN-вЂ‹вЂ‹вЂ‹вЂ‹вЂ‹вЂ‹GD;AS-вЂ‹вЂ‹вЂ‹вЂ‹вЂ‹вЂ‹CHN-вЂ‹вЂ‹вЂ‹вЂ‹вЂ‹вЂ‹MA;1750;-вЂ‹вЂ‹вЂ‹вЂ‹вЂ‹вЂ‹1750;2016;[69вЂ“71];
AS-вЂ‹вЂ‹вЂ‹вЂ‹вЂ‹вЂ‹CHN-вЂ‹вЂ‹вЂ‹вЂ‹вЂ‹вЂ‹GD;AS-вЂ‹вЂ‹вЂ‹вЂ‹вЂ‹вЂ‹CHN-вЂ‹вЂ‹вЂ‹вЂ‹вЂ‹вЂ‹SC;6400;-вЂ‹вЂ‹вЂ‹вЂ‹вЂ‹вЂ‹6400;2016;[69вЂ“71];
AS-вЂ‹вЂ‹вЂ‹вЂ‹вЂ‹вЂ‹CHN-вЂ‹вЂ‹вЂ‹вЂ‹вЂ‹вЂ‹GD;AS-вЂ‹вЂ‹вЂ‹вЂ‹вЂ‹вЂ‹CHN-вЂ‹вЂ‹вЂ‹вЂ‹вЂ‹вЂ‹YU;5000;-вЂ‹вЂ‹вЂ‹вЂ‹вЂ‹вЂ‹5000;2016;[69вЂ“71];
AS-вЂ‹вЂ‹вЂ‹вЂ‹вЂ‹вЂ‹CHN-вЂ‹вЂ‹вЂ‹вЂ‹вЂ‹вЂ‹GU;AS-вЂ‹вЂ‹вЂ‹вЂ‹вЂ‹вЂ‹CHN-вЂ‹вЂ‹вЂ‹вЂ‹вЂ‹вЂ‹GX;0;0;2016;[69вЂ“71];
AS-вЂ‹вЂ‹вЂ‹вЂ‹вЂ‹вЂ‹CHN-вЂ‹вЂ‹вЂ‹вЂ‹вЂ‹вЂ‹GU;AS-вЂ‹вЂ‹вЂ‹вЂ‹вЂ‹вЂ‹CHN-вЂ‹вЂ‹вЂ‹вЂ‹вЂ‹вЂ‹HN;0;0;2016;[69вЂ“71];
AS-вЂ‹вЂ‹вЂ‹вЂ‹вЂ‹вЂ‹CHN-вЂ‹вЂ‹вЂ‹вЂ‹вЂ‹вЂ‹GU;AS-вЂ‹вЂ‹вЂ‹вЂ‹вЂ‹вЂ‹CHN-вЂ‹вЂ‹вЂ‹вЂ‹вЂ‹вЂ‹JS;7200;-вЂ‹вЂ‹вЂ‹вЂ‹вЂ‹вЂ‹7200;2016;[69вЂ“71];
AS-вЂ‹вЂ‹вЂ‹вЂ‹вЂ‹вЂ‹CHN-вЂ‹вЂ‹вЂ‹вЂ‹вЂ‹вЂ‹GU;AS-вЂ‹вЂ‹вЂ‹вЂ‹вЂ‹вЂ‹CHN-вЂ‹вЂ‹вЂ‹вЂ‹вЂ‹вЂ‹SC;0;0;2016;[69вЂ“71];
AS-вЂ‹вЂ‹вЂ‹вЂ‹вЂ‹вЂ‹CHN-вЂ‹вЂ‹вЂ‹вЂ‹вЂ‹вЂ‹GU;AS-вЂ‹вЂ‹вЂ‹вЂ‹вЂ‹вЂ‹CHN-вЂ‹вЂ‹вЂ‹вЂ‹вЂ‹вЂ‹YU;0;0;2016;[69вЂ“71];
AS-вЂ‹вЂ‹вЂ‹вЂ‹вЂ‹вЂ‹CHN-вЂ‹вЂ‹вЂ‹вЂ‹вЂ‹вЂ‹GX;AS-вЂ‹вЂ‹вЂ‹вЂ‹вЂ‹вЂ‹CHN-вЂ‹вЂ‹вЂ‹вЂ‹вЂ‹вЂ‹HN;0;0;2016;[69вЂ“71];
AS-вЂ‹вЂ‹вЂ‹вЂ‹вЂ‹вЂ‹CHN-вЂ‹вЂ‹вЂ‹вЂ‹вЂ‹вЂ‹GX;AS-вЂ‹вЂ‹вЂ‹вЂ‹вЂ‹вЂ‹CHN-вЂ‹вЂ‹вЂ‹вЂ‹вЂ‹вЂ‹XI;0;0;2016;[69вЂ“71];
AS-вЂ‹вЂ‹вЂ‹вЂ‹вЂ‹вЂ‹CHN-вЂ‹вЂ‹вЂ‹вЂ‹вЂ‹вЂ‹GX;AS-вЂ‹вЂ‹вЂ‹вЂ‹вЂ‹вЂ‹CHN-вЂ‹вЂ‹вЂ‹вЂ‹вЂ‹вЂ‹YU;0;0;2016;[69вЂ“71];
AS-вЂ‹вЂ‹вЂ‹вЂ‹вЂ‹вЂ‹CHN-вЂ‹вЂ‹вЂ‹вЂ‹вЂ‹вЂ‹GX;AS-вЂ‹вЂ‹вЂ‹вЂ‹вЂ‹вЂ‹VNM;0;0;2015;[110];
AS-вЂ‹вЂ‹вЂ‹вЂ‹вЂ‹вЂ‹CHN-вЂ‹вЂ‹вЂ‹вЂ‹вЂ‹вЂ‹HB;AS-вЂ‹вЂ‹вЂ‹вЂ‹вЂ‹вЂ‹CHN-вЂ‹вЂ‹вЂ‹вЂ‹вЂ‹вЂ‹HE;4000;-вЂ‹вЂ‹вЂ‹вЂ‹вЂ‹вЂ‹4000;2016;[69вЂ“71];
AS-вЂ‹вЂ‹вЂ‹вЂ‹вЂ‹вЂ‹CHN-вЂ‹вЂ‹вЂ‹вЂ‹вЂ‹вЂ‹HB;AS-вЂ‹вЂ‹вЂ‹вЂ‹вЂ‹вЂ‹CHN-вЂ‹вЂ‹вЂ‹вЂ‹вЂ‹вЂ‹LI;0;0;2016;[69вЂ“71];
AS-вЂ‹вЂ‹вЂ‹вЂ‹вЂ‹вЂ‹CHN-вЂ‹вЂ‹вЂ‹вЂ‹вЂ‹вЂ‹HB;AS-вЂ‹вЂ‹вЂ‹вЂ‹вЂ‹вЂ‹CHN-вЂ‹вЂ‹вЂ‹вЂ‹вЂ‹вЂ‹SD;0;0;2016;[69вЂ“71];
AS-вЂ‹вЂ‹вЂ‹вЂ‹вЂ‹вЂ‹CHN-вЂ‹вЂ‹вЂ‹вЂ‹вЂ‹вЂ‹HB;AS-вЂ‹вЂ‹вЂ‹вЂ‹вЂ‹вЂ‹CHN-вЂ‹вЂ‹вЂ‹вЂ‹вЂ‹вЂ‹SX;0;0;2016;[69вЂ“71];
AS-вЂ‹вЂ‹вЂ‹вЂ‹вЂ‹вЂ‹CHN-вЂ‹вЂ‹вЂ‹вЂ‹вЂ‹вЂ‹HB;AS-вЂ‹вЂ‹вЂ‹вЂ‹вЂ‹вЂ‹CHN-вЂ‹вЂ‹вЂ‹вЂ‹вЂ‹вЂ‹TJ;0;0;2016;[69вЂ“71];
AS-вЂ‹вЂ‹вЂ‹вЂ‹вЂ‹вЂ‹CHN-вЂ‹вЂ‹вЂ‹вЂ‹вЂ‹вЂ‹HB;AS-вЂ‹вЂ‹вЂ‹вЂ‹вЂ‹вЂ‹CHN-вЂ‹вЂ‹вЂ‹вЂ‹вЂ‹вЂ‹WM;0;0;2016;[69вЂ“71];
AS-вЂ‹вЂ‹вЂ‹вЂ‹вЂ‹вЂ‹CHN-вЂ‹вЂ‹вЂ‹вЂ‹вЂ‹вЂ‹HE;AS-вЂ‹вЂ‹вЂ‹вЂ‹вЂ‹вЂ‹CHN-вЂ‹вЂ‹вЂ‹вЂ‹вЂ‹вЂ‹HU;4000;-вЂ‹вЂ‹вЂ‹вЂ‹вЂ‹вЂ‹4000;2016;[69вЂ“71];
AS-вЂ‹вЂ‹вЂ‹вЂ‹вЂ‹вЂ‹CHN-вЂ‹вЂ‹вЂ‹вЂ‹вЂ‹вЂ‹HE;AS-вЂ‹вЂ‹вЂ‹вЂ‹вЂ‹вЂ‹CHN-вЂ‹вЂ‹вЂ‹вЂ‹вЂ‹вЂ‹JS;0;0;2016;[69вЂ“71];
AS-вЂ‹вЂ‹вЂ‹вЂ‹вЂ‹вЂ‹CHN-вЂ‹вЂ‹вЂ‹вЂ‹вЂ‹вЂ‹HE;AS-вЂ‹вЂ‹вЂ‹вЂ‹вЂ‹вЂ‹CHN-вЂ‹вЂ‹вЂ‹вЂ‹вЂ‹вЂ‹SD;0;0;2016;[69вЂ“71];
AS-вЂ‹вЂ‹вЂ‹вЂ‹вЂ‹вЂ‹CHN-вЂ‹вЂ‹вЂ‹вЂ‹вЂ‹вЂ‹HE;AS-вЂ‹вЂ‹вЂ‹вЂ‹вЂ‹вЂ‹CHN-вЂ‹вЂ‹вЂ‹вЂ‹вЂ‹вЂ‹SI;0;0;2016;[69вЂ“71];
AS-вЂ‹вЂ‹вЂ‹вЂ‹вЂ‹вЂ‹CHN-вЂ‹вЂ‹вЂ‹вЂ‹вЂ‹вЂ‹HE;AS-вЂ‹вЂ‹вЂ‹вЂ‹вЂ‹вЂ‹CHN-вЂ‹вЂ‹вЂ‹вЂ‹вЂ‹вЂ‹SX;0;0;2016;[69вЂ“71];
AS-вЂ‹вЂ‹вЂ‹вЂ‹вЂ‹вЂ‹CHN-вЂ‹вЂ‹вЂ‹вЂ‹вЂ‹вЂ‹HE;AS-вЂ‹вЂ‹вЂ‹вЂ‹вЂ‹вЂ‹CHN-вЂ‹вЂ‹вЂ‹вЂ‹вЂ‹вЂ‹XI;14400;-вЂ‹вЂ‹вЂ‹вЂ‹вЂ‹вЂ‹14400;2016;[69вЂ“71];
AS-вЂ‹вЂ‹вЂ‹вЂ‹вЂ‹вЂ‹CHN-вЂ‹вЂ‹вЂ‹вЂ‹вЂ‹вЂ‹HJ;AS-вЂ‹вЂ‹вЂ‹вЂ‹вЂ‹вЂ‹CHN-вЂ‹вЂ‹вЂ‹вЂ‹вЂ‹вЂ‹JI;0;0;2016;[69вЂ“71];
AS-вЂ‹вЂ‹вЂ‹вЂ‹вЂ‹вЂ‹CHN-вЂ‹вЂ‹вЂ‹вЂ‹вЂ‹вЂ‹HJ;AS-вЂ‹вЂ‹вЂ‹вЂ‹вЂ‹вЂ‹RUS-вЂ‹вЂ‹вЂ‹вЂ‹вЂ‹вЂ‹FE;1000;-вЂ‹вЂ‹вЂ‹вЂ‹вЂ‹вЂ‹1000;2015;[120];
AS-вЂ‹вЂ‹вЂ‹вЂ‹вЂ‹вЂ‹CHN-вЂ‹вЂ‹вЂ‹вЂ‹вЂ‹вЂ‹HJ;AS-вЂ‹вЂ‹вЂ‹вЂ‹вЂ‹вЂ‹RUS-вЂ‹вЂ‹вЂ‹вЂ‹вЂ‹вЂ‹SI;0;0;2015;[110];
AS-вЂ‹вЂ‹вЂ‹вЂ‹вЂ‹вЂ‹CHN-вЂ‹вЂ‹вЂ‹вЂ‹вЂ‹вЂ‹HN;AS-вЂ‹вЂ‹вЂ‹вЂ‹вЂ‹вЂ‹CHN-вЂ‹вЂ‹вЂ‹вЂ‹вЂ‹вЂ‹HU;0;0;2016;[69вЂ“71];
AS-вЂ‹вЂ‹вЂ‹вЂ‹вЂ‹вЂ‹CHN-вЂ‹вЂ‹вЂ‹вЂ‹вЂ‹вЂ‹HN;AS-вЂ‹вЂ‹вЂ‹вЂ‹вЂ‹вЂ‹CHN-вЂ‹вЂ‹вЂ‹вЂ‹вЂ‹вЂ‹JX;0;0;2016;[69вЂ“71];
AS-вЂ‹вЂ‹вЂ‹вЂ‹вЂ‹вЂ‹CHN-вЂ‹вЂ‹вЂ‹вЂ‹вЂ‹вЂ‹HN;AS-вЂ‹вЂ‹вЂ‹вЂ‹вЂ‹вЂ‹CHN-вЂ‹вЂ‹вЂ‹вЂ‹вЂ‹вЂ‹SC;8000;-вЂ‹вЂ‹вЂ‹вЂ‹вЂ‹вЂ‹8000;2016;[69вЂ“71];
AS-вЂ‹вЂ‹вЂ‹вЂ‹вЂ‹вЂ‹CHN-вЂ‹вЂ‹вЂ‹вЂ‹вЂ‹вЂ‹HN;AS-вЂ‹вЂ‹вЂ‹вЂ‹вЂ‹вЂ‹CHN-вЂ‹вЂ‹вЂ‹вЂ‹вЂ‹вЂ‹SX;5000;-вЂ‹вЂ‹вЂ‹вЂ‹вЂ‹вЂ‹5000;2016;[69вЂ“71];
AS-вЂ‹вЂ‹вЂ‹вЂ‹вЂ‹вЂ‹CHN-вЂ‹вЂ‹вЂ‹вЂ‹вЂ‹вЂ‹HU;AS-вЂ‹вЂ‹вЂ‹вЂ‹вЂ‹вЂ‹CHN-вЂ‹вЂ‹вЂ‹вЂ‹вЂ‹вЂ‹JX;0;0;2016;[69вЂ“71];
AS-вЂ‹вЂ‹вЂ‹вЂ‹вЂ‹вЂ‹CHN-вЂ‹вЂ‹вЂ‹вЂ‹вЂ‹вЂ‹HU;AS-вЂ‹вЂ‹вЂ‹вЂ‹вЂ‹вЂ‹CHN-вЂ‹вЂ‹вЂ‹вЂ‹вЂ‹вЂ‹SI;0;0;2016;[69вЂ“71];
AS-вЂ‹вЂ‹вЂ‹вЂ‹вЂ‹вЂ‹CHN-вЂ‹вЂ‹вЂ‹вЂ‹вЂ‹вЂ‹JI;AS-вЂ‹вЂ‹вЂ‹вЂ‹вЂ‹вЂ‹CHN-вЂ‹вЂ‹вЂ‹вЂ‹вЂ‹вЂ‹LI;0;0;2016;[69вЂ“71];
AS-вЂ‹вЂ‹вЂ‹вЂ‹вЂ‹вЂ‹CHN-вЂ‹вЂ‹вЂ‹вЂ‹вЂ‹вЂ‹JI;AS-вЂ‹вЂ‹вЂ‹вЂ‹вЂ‹вЂ‹PRK;0;0;2015;[110];
AS-вЂ‹вЂ‹вЂ‹вЂ‹вЂ‹вЂ‹CHN-вЂ‹вЂ‹вЂ‹вЂ‹вЂ‹вЂ‹JS;AS-вЂ‹вЂ‹вЂ‹вЂ‹вЂ‹вЂ‹CHN-вЂ‹вЂ‹вЂ‹вЂ‹вЂ‹вЂ‹SD;5000;-вЂ‹вЂ‹вЂ‹вЂ‹вЂ‹вЂ‹5000;2016;[69вЂ“71];
AS-вЂ‹вЂ‹вЂ‹вЂ‹вЂ‹вЂ‹CHN-вЂ‹вЂ‹вЂ‹вЂ‹вЂ‹вЂ‹JS;AS-вЂ‹вЂ‹вЂ‹вЂ‹вЂ‹вЂ‹CHN-вЂ‹вЂ‹вЂ‹вЂ‹вЂ‹вЂ‹SH;5000;-вЂ‹вЂ‹вЂ‹вЂ‹вЂ‹вЂ‹5000;2016;[69вЂ“71];
AS-вЂ‹вЂ‹вЂ‹вЂ‹вЂ‹вЂ‹CHN-вЂ‹вЂ‹вЂ‹вЂ‹вЂ‹вЂ‹JS;AS-вЂ‹вЂ‹вЂ‹вЂ‹вЂ‹вЂ‹CHN-вЂ‹вЂ‹вЂ‹вЂ‹вЂ‹вЂ‹SI;4000;-вЂ‹вЂ‹вЂ‹вЂ‹вЂ‹вЂ‹4000;2016;[69вЂ“71];
AS-вЂ‹вЂ‹вЂ‹вЂ‹вЂ‹вЂ‹CHN-вЂ‹вЂ‹вЂ‹вЂ‹вЂ‹вЂ‹JS;AS-вЂ‹вЂ‹вЂ‹вЂ‹вЂ‹вЂ‹CHN-вЂ‹вЂ‹вЂ‹вЂ‹вЂ‹вЂ‹SX;5000;-вЂ‹вЂ‹вЂ‹вЂ‹вЂ‹вЂ‹5000;2016;[69вЂ“71];
AS-вЂ‹вЂ‹вЂ‹вЂ‹вЂ‹вЂ‹CHN-вЂ‹вЂ‹вЂ‹вЂ‹вЂ‹вЂ‹JS;AS-вЂ‹вЂ‹вЂ‹вЂ‹вЂ‹вЂ‹CHN-вЂ‹вЂ‹вЂ‹вЂ‹вЂ‹вЂ‹ZH;0;0;2016;[69вЂ“71];
AS-вЂ‹вЂ‹вЂ‹вЂ‹вЂ‹вЂ‹CHN-вЂ‹вЂ‹вЂ‹вЂ‹вЂ‹вЂ‹JX;AS-вЂ‹вЂ‹вЂ‹вЂ‹вЂ‹вЂ‹CHN-вЂ‹вЂ‹вЂ‹вЂ‹вЂ‹вЂ‹WM;7200;-вЂ‹вЂ‹вЂ‹вЂ‹вЂ‹вЂ‹7200;2016;[69вЂ“71];
AS-вЂ‹вЂ‹вЂ‹вЂ‹вЂ‹вЂ‹CHN-вЂ‹вЂ‹вЂ‹вЂ‹вЂ‹вЂ‹JX;AS-вЂ‹вЂ‹вЂ‹вЂ‹вЂ‹вЂ‹CHN-вЂ‹вЂ‹вЂ‹вЂ‹вЂ‹вЂ‹ZH;0;0;2016;[69вЂ“71];
AS-вЂ‹вЂ‹вЂ‹вЂ‹вЂ‹вЂ‹CHN-вЂ‹вЂ‹вЂ‹вЂ‹вЂ‹вЂ‹LI;AS-вЂ‹вЂ‹вЂ‹вЂ‹вЂ‹вЂ‹PRK;100;-вЂ‹вЂ‹вЂ‹вЂ‹вЂ‹вЂ‹100;2017;[121];Estimate2
AS-вЂ‹вЂ‹вЂ‹вЂ‹вЂ‹вЂ‹CHN-вЂ‹вЂ‹вЂ‹вЂ‹вЂ‹вЂ‹NI;AS-вЂ‹вЂ‹вЂ‹вЂ‹вЂ‹вЂ‹CHN-вЂ‹вЂ‹вЂ‹вЂ‹вЂ‹вЂ‹SD;4000;-вЂ‹вЂ‹вЂ‹вЂ‹вЂ‹вЂ‹4000;2016;[69вЂ“71];
AS-вЂ‹вЂ‹вЂ‹вЂ‹вЂ‹вЂ‹CHN-вЂ‹вЂ‹вЂ‹вЂ‹вЂ‹вЂ‹NI;AS-вЂ‹вЂ‹вЂ‹вЂ‹вЂ‹вЂ‹CHN-вЂ‹вЂ‹вЂ‹вЂ‹вЂ‹вЂ‹SI;0;0;2016;[69вЂ“71];
AS-вЂ‹вЂ‹вЂ‹вЂ‹вЂ‹вЂ‹CHN-вЂ‹вЂ‹вЂ‹вЂ‹вЂ‹вЂ‹NI;AS-вЂ‹вЂ‹вЂ‹вЂ‹вЂ‹вЂ‹CHN-вЂ‹вЂ‹вЂ‹вЂ‹вЂ‹вЂ‹WM;0;0;2016;[69вЂ“71];
AS-вЂ‹вЂ‹вЂ‹вЂ‹вЂ‹вЂ‹CHN-вЂ‹вЂ‹вЂ‹вЂ‹вЂ‹вЂ‹NI;AS-вЂ‹вЂ‹вЂ‹вЂ‹вЂ‹вЂ‹CHN-вЂ‹вЂ‹вЂ‹вЂ‹вЂ‹вЂ‹ZH;7200;-вЂ‹вЂ‹вЂ‹вЂ‹вЂ‹вЂ‹7200;2016;[69вЂ“71];
AS-вЂ‹вЂ‹вЂ‹вЂ‹вЂ‹вЂ‹CHN-вЂ‹вЂ‹вЂ‹вЂ‹вЂ‹вЂ‹QI;AS-вЂ‹вЂ‹вЂ‹вЂ‹вЂ‹вЂ‹CHN-вЂ‹вЂ‹вЂ‹вЂ‹вЂ‹вЂ‹SC;0;0;2016;[69вЂ“71];
AS-вЂ‹вЂ‹вЂ‹вЂ‹вЂ‹вЂ‹CHN-вЂ‹вЂ‹вЂ‹вЂ‹вЂ‹вЂ‹QI;AS-вЂ‹вЂ‹вЂ‹вЂ‹вЂ‹вЂ‹CHN-вЂ‹вЂ‹вЂ‹вЂ‹вЂ‹вЂ‹TI;1500;-вЂ‹вЂ‹вЂ‹вЂ‹вЂ‹вЂ‹1500;2016;[69вЂ“71];
AS-вЂ‹вЂ‹вЂ‹вЂ‹вЂ‹вЂ‹CHN-вЂ‹вЂ‹вЂ‹вЂ‹вЂ‹вЂ‹QI;AS-вЂ‹вЂ‹вЂ‹вЂ‹вЂ‹вЂ‹CHN-вЂ‹вЂ‹вЂ‹вЂ‹вЂ‹вЂ‹XI;0;0;2016;[69вЂ“71];
AS-вЂ‹вЂ‹вЂ‹вЂ‹вЂ‹вЂ‹CHN-вЂ‹вЂ‹вЂ‹вЂ‹вЂ‹вЂ‹SC;AS-вЂ‹вЂ‹вЂ‹вЂ‹вЂ‹вЂ‹CHN-вЂ‹вЂ‹вЂ‹вЂ‹вЂ‹вЂ‹TI;0;0;2016;[69вЂ“71];
AS-вЂ‹вЂ‹вЂ‹вЂ‹вЂ‹вЂ‹CHN-вЂ‹вЂ‹вЂ‹вЂ‹вЂ‹вЂ‹SC;AS-вЂ‹вЂ‹вЂ‹вЂ‹вЂ‹вЂ‹CHN-вЂ‹вЂ‹вЂ‹вЂ‹вЂ‹вЂ‹YU;0;0;2016;[69вЂ“71];
AS-вЂ‹вЂ‹вЂ‹вЂ‹вЂ‹вЂ‹CHN-вЂ‹вЂ‹вЂ‹вЂ‹вЂ‹вЂ‹SD;AS-вЂ‹вЂ‹вЂ‹вЂ‹вЂ‹вЂ‹CHN-вЂ‹вЂ‹вЂ‹вЂ‹вЂ‹вЂ‹SX;4000;-вЂ‹вЂ‹вЂ‹вЂ‹вЂ‹вЂ‹4000;2016;[69вЂ“71];
AS-вЂ‹вЂ‹вЂ‹вЂ‹вЂ‹вЂ‹CHN-вЂ‹вЂ‹вЂ‹вЂ‹вЂ‹вЂ‹SD;AS-вЂ‹вЂ‹вЂ‹вЂ‹вЂ‹вЂ‹CHN-вЂ‹вЂ‹вЂ‹вЂ‹вЂ‹вЂ‹TJ;5000;-вЂ‹вЂ‹вЂ‹вЂ‹вЂ‹вЂ‹5000;2016;[69вЂ“71];
AS-вЂ‹вЂ‹вЂ‹вЂ‹вЂ‹вЂ‹CHN-вЂ‹вЂ‹вЂ‹вЂ‹вЂ‹вЂ‹SH;AS-вЂ‹вЂ‹вЂ‹вЂ‹вЂ‹вЂ‹CHN-вЂ‹вЂ‹вЂ‹вЂ‹вЂ‹вЂ‹ZH;5000;-вЂ‹вЂ‹вЂ‹вЂ‹вЂ‹вЂ‹5000;2016;[69вЂ“71];
AS-вЂ‹вЂ‹вЂ‹вЂ‹вЂ‹вЂ‹CHN-вЂ‹вЂ‹вЂ‹вЂ‹вЂ‹вЂ‹SI;AS-вЂ‹вЂ‹вЂ‹вЂ‹вЂ‹вЂ‹CHN-вЂ‹вЂ‹вЂ‹вЂ‹вЂ‹вЂ‹SC;0;0;2016;[69вЂ“71];
AS-вЂ‹вЂ‹вЂ‹вЂ‹вЂ‹вЂ‹CHN-вЂ‹вЂ‹вЂ‹вЂ‹вЂ‹вЂ‹SI;AS-вЂ‹вЂ‹вЂ‹вЂ‹вЂ‹вЂ‹CHN-вЂ‹вЂ‹вЂ‹вЂ‹вЂ‹вЂ‹SX;0;0;2016;[69вЂ“71];
AS-вЂ‹вЂ‹вЂ‹вЂ‹вЂ‹вЂ‹CHN-вЂ‹вЂ‹вЂ‹вЂ‹вЂ‹вЂ‹SI;AS-вЂ‹вЂ‹вЂ‹вЂ‹вЂ‹вЂ‹CHN-вЂ‹вЂ‹вЂ‹вЂ‹вЂ‹вЂ‹WM;0;0;2016;[69вЂ“71];
AS-вЂ‹вЂ‹вЂ‹вЂ‹вЂ‹вЂ‹CHN-вЂ‹вЂ‹вЂ‹вЂ‹вЂ‹вЂ‹SX;AS-вЂ‹вЂ‹вЂ‹вЂ‹вЂ‹вЂ‹CHN-вЂ‹вЂ‹вЂ‹вЂ‹вЂ‹вЂ‹WM;9000;-вЂ‹вЂ‹вЂ‹вЂ‹вЂ‹вЂ‹9000;2016;[69вЂ“71];
AS-вЂ‹вЂ‹вЂ‹вЂ‹вЂ‹вЂ‹CHN-вЂ‹вЂ‹вЂ‹вЂ‹вЂ‹вЂ‹TI;AS-вЂ‹вЂ‹вЂ‹вЂ‹вЂ‹вЂ‹CHN-вЂ‹вЂ‹вЂ‹вЂ‹вЂ‹вЂ‹XI;0;0;2016;[69вЂ“71];
AS-вЂ‹вЂ‹вЂ‹вЂ‹вЂ‹вЂ‹CHN-вЂ‹вЂ‹вЂ‹вЂ‹вЂ‹вЂ‹TI;AS-вЂ‹вЂ‹вЂ‹вЂ‹вЂ‹вЂ‹CHN-вЂ‹вЂ‹вЂ‹вЂ‹вЂ‹вЂ‹YU;0;0;2016;[69вЂ“71];
AS-вЂ‹вЂ‹вЂ‹вЂ‹вЂ‹вЂ‹CHN-вЂ‹вЂ‹вЂ‹вЂ‹вЂ‹вЂ‹TI;AS-вЂ‹вЂ‹вЂ‹вЂ‹вЂ‹вЂ‹IND-вЂ‹вЂ‹вЂ‹вЂ‹вЂ‹вЂ‹NE;0;0;2016;[69вЂ“71];
AS-вЂ‹вЂ‹вЂ‹вЂ‹вЂ‹вЂ‹CHN-вЂ‹вЂ‹вЂ‹вЂ‹вЂ‹вЂ‹TI;AS-вЂ‹вЂ‹вЂ‹вЂ‹вЂ‹вЂ‹IND-вЂ‹вЂ‹вЂ‹вЂ‹вЂ‹вЂ‹NO;0;0;2016;[69вЂ“71];
AS-вЂ‹вЂ‹вЂ‹вЂ‹вЂ‹вЂ‹CHN-вЂ‹вЂ‹вЂ‹вЂ‹вЂ‹вЂ‹TI;AS-вЂ‹вЂ‹вЂ‹вЂ‹вЂ‹вЂ‹MMR;0;0;2016;[69вЂ“71];
AS-вЂ‹вЂ‹вЂ‹вЂ‹вЂ‹вЂ‹CHN-вЂ‹вЂ‹вЂ‹вЂ‹вЂ‹вЂ‹TI;AS-вЂ‹вЂ‹вЂ‹вЂ‹вЂ‹вЂ‹NPL;0;0;2015;[110];
AS-вЂ‹вЂ‹вЂ‹вЂ‹вЂ‹вЂ‹CHN-вЂ‹вЂ‹вЂ‹вЂ‹вЂ‹вЂ‹TI;AS-вЂ‹вЂ‹вЂ‹вЂ‹вЂ‹вЂ‹PAK;0;0;2015;[110];
AS-вЂ‹вЂ‹вЂ‹вЂ‹вЂ‹вЂ‹CHN-вЂ‹вЂ‹вЂ‹вЂ‹вЂ‹вЂ‹WM;AS-вЂ‹вЂ‹вЂ‹вЂ‹вЂ‹вЂ‹MNG;0;0;2015;[110];
AS-вЂ‹вЂ‹вЂ‹вЂ‹вЂ‹вЂ‹CHN-вЂ‹вЂ‹вЂ‹вЂ‹вЂ‹вЂ‹WM;AS-вЂ‹вЂ‹вЂ‹вЂ‹вЂ‹вЂ‹RUS-вЂ‹вЂ‹вЂ‹вЂ‹вЂ‹вЂ‹SI;0;0;2016;[69вЂ“71];
AS-вЂ‹вЂ‹вЂ‹вЂ‹вЂ‹вЂ‹CHN-вЂ‹вЂ‹вЂ‹вЂ‹вЂ‹вЂ‹XI;AS-вЂ‹вЂ‹вЂ‹вЂ‹вЂ‹вЂ‹IND-вЂ‹вЂ‹вЂ‹вЂ‹вЂ‹вЂ‹NO;0;0;2016;[69вЂ“71];
AS-вЂ‹вЂ‹вЂ‹вЂ‹вЂ‹вЂ‹CHN-вЂ‹вЂ‹вЂ‹вЂ‹вЂ‹вЂ‹XI;AS-вЂ‹вЂ‹вЂ‹вЂ‹вЂ‹вЂ‹KAZ;0;0;2015;[110];
AS-вЂ‹вЂ‹вЂ‹вЂ‹вЂ‹вЂ‹CHN-вЂ‹вЂ‹вЂ‹вЂ‹вЂ‹вЂ‹XI;AS-вЂ‹вЂ‹вЂ‹вЂ‹вЂ‹вЂ‹KGZ;0;0;2015;[110];
AS-вЂ‹вЂ‹вЂ‹вЂ‹вЂ‹вЂ‹CHN-вЂ‹вЂ‹вЂ‹вЂ‹вЂ‹вЂ‹XI;AS-вЂ‹вЂ‹вЂ‹вЂ‹вЂ‹вЂ‹MNG;0;0;2015;[110];
AS-вЂ‹вЂ‹вЂ‹вЂ‹вЂ‹вЂ‹CHN-вЂ‹вЂ‹вЂ‹вЂ‹вЂ‹вЂ‹XI;AS-вЂ‹вЂ‹вЂ‹вЂ‹вЂ‹вЂ‹PAK;0;0;2015;[110];
AS-вЂ‹вЂ‹вЂ‹вЂ‹вЂ‹вЂ‹CHN-вЂ‹вЂ‹вЂ‹вЂ‹вЂ‹вЂ‹XI;AS-вЂ‹вЂ‹вЂ‹вЂ‹вЂ‹вЂ‹RUS-вЂ‹вЂ‹вЂ‹вЂ‹вЂ‹вЂ‹SI;0;0;2015;[110];
AS-вЂ‹вЂ‹вЂ‹вЂ‹вЂ‹вЂ‹CHN-вЂ‹вЂ‹вЂ‹вЂ‹вЂ‹вЂ‹XI;AS-вЂ‹вЂ‹вЂ‹вЂ‹вЂ‹вЂ‹TJK;0;0;2015;[110];
AS-вЂ‹вЂ‹вЂ‹вЂ‹вЂ‹вЂ‹CHN-вЂ‹вЂ‹вЂ‹вЂ‹вЂ‹вЂ‹YU;AS-вЂ‹вЂ‹вЂ‹вЂ‹вЂ‹вЂ‹CHN-вЂ‹вЂ‹вЂ‹вЂ‹вЂ‹вЂ‹ZH;7200;-вЂ‹вЂ‹вЂ‹вЂ‹вЂ‹вЂ‹7200;2016;[69вЂ“71];
AS-вЂ‹вЂ‹вЂ‹вЂ‹вЂ‹вЂ‹CHN-вЂ‹вЂ‹вЂ‹вЂ‹вЂ‹вЂ‹YU;AS-вЂ‹вЂ‹вЂ‹вЂ‹вЂ‹вЂ‹MMR;600;-вЂ‹вЂ‹вЂ‹вЂ‹вЂ‹вЂ‹600;2015;[110];
AS-вЂ‹вЂ‹вЂ‹вЂ‹вЂ‹вЂ‹CHN-вЂ‹вЂ‹вЂ‹вЂ‹вЂ‹вЂ‹YU;AS-вЂ‹вЂ‹вЂ‹вЂ‹вЂ‹вЂ‹VNM;500;-вЂ‹вЂ‹вЂ‹вЂ‹вЂ‹вЂ‹500;2015;[110];
AS-вЂ‹вЂ‹вЂ‹вЂ‹вЂ‹вЂ‹IDN;AS-вЂ‹вЂ‹вЂ‹вЂ‹вЂ‹вЂ‹MYS;0;0;2015;[115,116];Planned subsea line
AS-вЂ‹вЂ‹вЂ‹вЂ‹вЂ‹вЂ‹IDN;AS-вЂ‹вЂ‹вЂ‹вЂ‹вЂ‹вЂ‹PHL;0;0;2014;[115,116];Planned subsea line
AS-вЂ‹вЂ‹вЂ‹вЂ‹вЂ‹вЂ‹IDN;AS-вЂ‹вЂ‹вЂ‹вЂ‹вЂ‹вЂ‹SGP;0;0;2015;[115,116];Planned subsea line
AS-вЂ‹вЂ‹вЂ‹вЂ‹вЂ‹вЂ‹IDN;OC-вЂ‹вЂ‹вЂ‹вЂ‹вЂ‹вЂ‹PNG;0;0;2015;[122];
AS-вЂ‹вЂ‹вЂ‹вЂ‹вЂ‹вЂ‹IND-вЂ‹вЂ‹вЂ‹вЂ‹вЂ‹вЂ‹EA;AS-вЂ‹вЂ‹вЂ‹вЂ‹вЂ‹вЂ‹IND-вЂ‹вЂ‹вЂ‹вЂ‹вЂ‹вЂ‹NE;2860;-вЂ‹вЂ‹вЂ‹вЂ‹вЂ‹вЂ‹2860;2015;[78];
AS-вЂ‹вЂ‹вЂ‹вЂ‹вЂ‹вЂ‹IND-вЂ‹вЂ‹вЂ‹вЂ‹вЂ‹вЂ‹EA;AS-вЂ‹вЂ‹вЂ‹вЂ‹вЂ‹вЂ‹IND-вЂ‹вЂ‹вЂ‹вЂ‹вЂ‹вЂ‹NO;14230;-вЂ‹вЂ‹вЂ‹вЂ‹вЂ‹вЂ‹14230;2015;[78];
AS-вЂ‹вЂ‹вЂ‹вЂ‹вЂ‹вЂ‹IND-вЂ‹вЂ‹вЂ‹вЂ‹вЂ‹вЂ‹EA;AS-вЂ‹вЂ‹вЂ‹вЂ‹вЂ‹вЂ‹IND-вЂ‹вЂ‹вЂ‹вЂ‹вЂ‹вЂ‹SO;3630;-вЂ‹вЂ‹вЂ‹вЂ‹вЂ‹вЂ‹3630;2015;[78];
AS-вЂ‹вЂ‹вЂ‹вЂ‹вЂ‹вЂ‹IND-вЂ‹вЂ‹вЂ‹вЂ‹вЂ‹вЂ‹EA;AS-вЂ‹вЂ‹вЂ‹вЂ‹вЂ‹вЂ‹IND-вЂ‹вЂ‹вЂ‹вЂ‹вЂ‹вЂ‹WE;10690;-вЂ‹вЂ‹вЂ‹вЂ‹вЂ‹вЂ‹10690;2015;[78];
AS-вЂ‹вЂ‹вЂ‹вЂ‹вЂ‹вЂ‹IND-вЂ‹вЂ‹вЂ‹вЂ‹вЂ‹вЂ‹EA;AS-вЂ‹вЂ‹вЂ‹вЂ‹вЂ‹вЂ‹NPL;150;-вЂ‹вЂ‹вЂ‹вЂ‹вЂ‹вЂ‹150;2015;[123];
AS-вЂ‹вЂ‹вЂ‹вЂ‹вЂ‹вЂ‹IND-вЂ‹вЂ‹вЂ‹вЂ‹вЂ‹вЂ‹NE;AS-вЂ‹вЂ‹вЂ‹вЂ‹вЂ‹вЂ‹MMR;3;-вЂ‹вЂ‹вЂ‹вЂ‹вЂ‹вЂ‹3;2018;[114];
AS-вЂ‹вЂ‹вЂ‹вЂ‹вЂ‹вЂ‹IND-вЂ‹вЂ‹вЂ‹вЂ‹вЂ‹вЂ‹NO;AS-вЂ‹вЂ‹вЂ‹вЂ‹вЂ‹вЂ‹IND-вЂ‹вЂ‹вЂ‹вЂ‹вЂ‹вЂ‹WE;8720;-вЂ‹вЂ‹вЂ‹вЂ‹вЂ‹вЂ‹8720;2015;[78];
AS-вЂ‹вЂ‹вЂ‹вЂ‹вЂ‹вЂ‹IND-вЂ‹вЂ‹вЂ‹вЂ‹вЂ‹вЂ‹NO;AS-вЂ‹вЂ‹вЂ‹вЂ‹вЂ‹вЂ‹NPL;350;-вЂ‹вЂ‹вЂ‹вЂ‹вЂ‹вЂ‹350;2015;[123];
AS-вЂ‹вЂ‹вЂ‹вЂ‹вЂ‹вЂ‹IND-вЂ‹вЂ‹вЂ‹вЂ‹вЂ‹вЂ‹NO;AS-вЂ‹вЂ‹вЂ‹вЂ‹вЂ‹вЂ‹PAK;500;-вЂ‹вЂ‹вЂ‹вЂ‹вЂ‹вЂ‹500;2014;[124];
AS-вЂ‹вЂ‹вЂ‹вЂ‹вЂ‹вЂ‹IND-вЂ‹вЂ‹вЂ‹вЂ‹вЂ‹вЂ‹SO;AS-вЂ‹вЂ‹вЂ‹вЂ‹вЂ‹вЂ‹IND-вЂ‹вЂ‹вЂ‹вЂ‹вЂ‹вЂ‹WE;5720;-вЂ‹вЂ‹вЂ‹вЂ‹вЂ‹вЂ‹5720;2015;[78];
AS-вЂ‹вЂ‹вЂ‹вЂ‹вЂ‹вЂ‹IND-вЂ‹вЂ‹вЂ‹вЂ‹вЂ‹вЂ‹SO;AS-вЂ‹вЂ‹вЂ‹вЂ‹вЂ‹вЂ‹LKA;0;0;2018;[114];Planned subsea line
AS-вЂ‹вЂ‹вЂ‹вЂ‹вЂ‹вЂ‹IND-вЂ‹вЂ‹вЂ‹вЂ‹вЂ‹вЂ‹WE;AS-вЂ‹вЂ‹вЂ‹вЂ‹вЂ‹вЂ‹PAK;0;0;2014;[124];
AS-вЂ‹вЂ‹вЂ‹вЂ‹вЂ‹вЂ‹IRN;AS-вЂ‹вЂ‹вЂ‹вЂ‹вЂ‹вЂ‹IRQ;700;-вЂ‹вЂ‹вЂ‹вЂ‹вЂ‹вЂ‹700;2015;[125];
AS-вЂ‹вЂ‹вЂ‹вЂ‹вЂ‹вЂ‹IRN;AS-вЂ‹вЂ‹вЂ‹вЂ‹вЂ‹вЂ‹PAK;74;-вЂ‹вЂ‹вЂ‹вЂ‹вЂ‹вЂ‹74;2015;[126];
AS-вЂ‹вЂ‹вЂ‹вЂ‹вЂ‹вЂ‹IRN;AS-вЂ‹вЂ‹вЂ‹вЂ‹вЂ‹вЂ‹TKM;350;-вЂ‹вЂ‹вЂ‹вЂ‹вЂ‹вЂ‹350;2016;[127];
AS-вЂ‹вЂ‹вЂ‹вЂ‹вЂ‹вЂ‹IRN;AS-вЂ‹вЂ‹вЂ‹вЂ‹вЂ‹вЂ‹TUR;0;0;2017;[128];
AS-вЂ‹вЂ‹вЂ‹вЂ‹вЂ‹вЂ‹IRQ;AS-вЂ‹вЂ‹вЂ‹вЂ‹вЂ‹вЂ‹JOR;0;0;2015;[125];
AS-вЂ‹вЂ‹вЂ‹вЂ‹вЂ‹вЂ‹IRQ;AS-вЂ‹вЂ‹вЂ‹вЂ‹вЂ‹вЂ‹KWT;0;0;2015;[125];
AS-вЂ‹вЂ‹вЂ‹вЂ‹вЂ‹вЂ‹IRQ;AS-вЂ‹вЂ‹вЂ‹вЂ‹вЂ‹вЂ‹SAU;0;0;2015;[125];
AS-вЂ‹вЂ‹вЂ‹вЂ‹вЂ‹вЂ‹IRQ;AS-вЂ‹вЂ‹вЂ‹вЂ‹вЂ‹вЂ‹SYR;0;0;2015;[125];
AS-вЂ‹вЂ‹вЂ‹вЂ‹вЂ‹вЂ‹IRQ;AS-вЂ‹вЂ‹вЂ‹вЂ‹вЂ‹вЂ‹TUR;0;0;2017;[128];
AS-вЂ‹вЂ‹вЂ‹вЂ‹вЂ‹вЂ‹ISR;AS-вЂ‹вЂ‹вЂ‹вЂ‹вЂ‹вЂ‹JOR;0;-вЂ‹вЂ‹вЂ‹вЂ‹вЂ‹вЂ‹20;2013;[109];
AS-вЂ‹вЂ‹вЂ‹вЂ‹вЂ‹вЂ‹ISR;AS-вЂ‹вЂ‹вЂ‹вЂ‹вЂ‹вЂ‹LBN;0;0;2018;[129];
AS-вЂ‹вЂ‹вЂ‹вЂ‹вЂ‹вЂ‹ISR;AS-вЂ‹вЂ‹вЂ‹вЂ‹вЂ‹вЂ‹SYR;0;0;2018;[129];
AS-вЂ‹вЂ‹вЂ‹вЂ‹вЂ‹вЂ‹JOR;AS-вЂ‹вЂ‹вЂ‹вЂ‹вЂ‹вЂ‹SAU;0;0;2019;[130];
AS-вЂ‹вЂ‹вЂ‹вЂ‹вЂ‹вЂ‹JOR;AS-вЂ‹вЂ‹вЂ‹вЂ‹вЂ‹вЂ‹SYR;350;-вЂ‹вЂ‹вЂ‹вЂ‹вЂ‹вЂ‹200;2013;[109];
AS-вЂ‹вЂ‹вЂ‹вЂ‹вЂ‹вЂ‹JPN-вЂ‹вЂ‹вЂ‹вЂ‹вЂ‹вЂ‹CE;AS-вЂ‹вЂ‹вЂ‹вЂ‹вЂ‹вЂ‹JPN-вЂ‹вЂ‹вЂ‹вЂ‹вЂ‹вЂ‹KY;2800;-вЂ‹вЂ‹вЂ‹вЂ‹вЂ‹вЂ‹2800;2015;[81];
AS-вЂ‹вЂ‹вЂ‹вЂ‹вЂ‹вЂ‹JPN-вЂ‹вЂ‹вЂ‹вЂ‹вЂ‹вЂ‹CE;AS-вЂ‹вЂ‹вЂ‹вЂ‹вЂ‹вЂ‹JPN-вЂ‹вЂ‹вЂ‹вЂ‹вЂ‹вЂ‹SH;2600;-вЂ‹вЂ‹вЂ‹вЂ‹вЂ‹вЂ‹2600;2015;[81];
AS-вЂ‹вЂ‹вЂ‹вЂ‹вЂ‹вЂ‹JPN-вЂ‹вЂ‹вЂ‹вЂ‹вЂ‹вЂ‹CE;AS-вЂ‹вЂ‹вЂ‹вЂ‹вЂ‹вЂ‹JPN-вЂ‹вЂ‹вЂ‹вЂ‹вЂ‹вЂ‹TO;900;-вЂ‹вЂ‹вЂ‹вЂ‹вЂ‹вЂ‹900;2015;[81];
AS-вЂ‹вЂ‹вЂ‹вЂ‹вЂ‹вЂ‹JPN-вЂ‹вЂ‹вЂ‹вЂ‹вЂ‹вЂ‹HO;AS-вЂ‹вЂ‹вЂ‹вЂ‹вЂ‹вЂ‹JPN-вЂ‹вЂ‹вЂ‹вЂ‹вЂ‹вЂ‹TO;600;-вЂ‹вЂ‹вЂ‹вЂ‹вЂ‹вЂ‹600;2015;[81];
AS-вЂ‹вЂ‹вЂ‹вЂ‹вЂ‹вЂ‹KAZ;AS-вЂ‹вЂ‹вЂ‹вЂ‹вЂ‹вЂ‹KGZ;2540;-вЂ‹вЂ‹вЂ‹вЂ‹вЂ‹вЂ‹2540;2016;[131];
AS-вЂ‹вЂ‹вЂ‹вЂ‹вЂ‹вЂ‹KAZ;AS-вЂ‹вЂ‹вЂ‹вЂ‹вЂ‹вЂ‹RUS-вЂ‹вЂ‹вЂ‹вЂ‹вЂ‹вЂ‹CE;0;0;2016;[131];
AS-вЂ‹вЂ‹вЂ‹вЂ‹вЂ‹вЂ‹KAZ;AS-вЂ‹вЂ‹вЂ‹вЂ‹вЂ‹вЂ‹RUS-вЂ‹вЂ‹вЂ‹вЂ‹вЂ‹вЂ‹MV;370;-вЂ‹вЂ‹вЂ‹вЂ‹вЂ‹вЂ‹370;2016;[131];
AS-вЂ‹вЂ‹вЂ‹вЂ‹вЂ‹вЂ‹KAZ;AS-вЂ‹вЂ‹вЂ‹вЂ‹вЂ‹вЂ‹RUS-вЂ‹вЂ‹вЂ‹вЂ‹вЂ‹вЂ‹SI;4200;-вЂ‹вЂ‹вЂ‹вЂ‹вЂ‹вЂ‹4200;2016;[131];
AS-вЂ‹вЂ‹вЂ‹вЂ‹вЂ‹вЂ‹KAZ;AS-вЂ‹вЂ‹вЂ‹вЂ‹вЂ‹вЂ‹RUS-вЂ‹вЂ‹вЂ‹вЂ‹вЂ‹вЂ‹UR;5860;-вЂ‹вЂ‹вЂ‹вЂ‹вЂ‹вЂ‹5860;2016;[131];
AS-вЂ‹вЂ‹вЂ‹вЂ‹вЂ‹вЂ‹KAZ;AS-вЂ‹вЂ‹вЂ‹вЂ‹вЂ‹вЂ‹TKM;0;0;2016;[131];
AS-вЂ‹вЂ‹вЂ‹вЂ‹вЂ‹вЂ‹KAZ;AS-вЂ‹вЂ‹вЂ‹вЂ‹вЂ‹вЂ‹UZB;1900;-вЂ‹вЂ‹вЂ‹вЂ‹вЂ‹вЂ‹1900;2016;[131];
AS-вЂ‹вЂ‹вЂ‹вЂ‹вЂ‹вЂ‹KGZ;AS-вЂ‹вЂ‹вЂ‹вЂ‹вЂ‹вЂ‹TJK;412;-вЂ‹вЂ‹вЂ‹вЂ‹вЂ‹вЂ‹412;2016;[132];
AS-вЂ‹вЂ‹вЂ‹вЂ‹вЂ‹вЂ‹KGZ;AS-вЂ‹вЂ‹вЂ‹вЂ‹вЂ‹вЂ‹UZB;1500;-вЂ‹вЂ‹вЂ‹вЂ‹вЂ‹вЂ‹1500;2016;[132];
AS-вЂ‹вЂ‹вЂ‹вЂ‹вЂ‹вЂ‹KHM;AS-вЂ‹вЂ‹вЂ‹вЂ‹вЂ‹вЂ‹LAO;0;0;2015;[115,116];
AS-вЂ‹вЂ‹вЂ‹вЂ‹вЂ‹вЂ‹KHM;AS-вЂ‹вЂ‹вЂ‹вЂ‹вЂ‹вЂ‹THA;100;-вЂ‹вЂ‹вЂ‹вЂ‹вЂ‹вЂ‹100;2015;[115,116];
AS-вЂ‹вЂ‹вЂ‹вЂ‹вЂ‹вЂ‹KHM;AS-вЂ‹вЂ‹вЂ‹вЂ‹вЂ‹вЂ‹VNM;200;-вЂ‹вЂ‹вЂ‹вЂ‹вЂ‹вЂ‹200;2015;[115,116];
AS-вЂ‹вЂ‹вЂ‹вЂ‹вЂ‹вЂ‹KOR;AS-вЂ‹вЂ‹вЂ‹вЂ‹вЂ‹вЂ‹PRK;0;0;2015;[133];
AS-вЂ‹вЂ‹вЂ‹вЂ‹вЂ‹вЂ‹KWT;AS-вЂ‹вЂ‹вЂ‹вЂ‹вЂ‹вЂ‹SAU;1200;-вЂ‹вЂ‹вЂ‹вЂ‹вЂ‹вЂ‹1200;2013;[109];
AS-вЂ‹вЂ‹вЂ‹вЂ‹вЂ‹вЂ‹LAO;AS-вЂ‹вЂ‹вЂ‹вЂ‹вЂ‹вЂ‹MMR;5;-вЂ‹вЂ‹вЂ‹вЂ‹вЂ‹вЂ‹5;2018;[134];
AS-вЂ‹вЂ‹вЂ‹вЂ‹вЂ‹вЂ‹LAO;AS-вЂ‹вЂ‹вЂ‹вЂ‹вЂ‹вЂ‹THA;2111;-вЂ‹вЂ‹вЂ‹вЂ‹вЂ‹вЂ‹2111;2015;[115,116];
AS-вЂ‹вЂ‹вЂ‹вЂ‹вЂ‹вЂ‹LAO;AS-вЂ‹вЂ‹вЂ‹вЂ‹вЂ‹вЂ‹VNM;248;-вЂ‹вЂ‹вЂ‹вЂ‹вЂ‹вЂ‹248;2015;[115,116];
AS-вЂ‹вЂ‹вЂ‹вЂ‹вЂ‹вЂ‹LBN;AS-вЂ‹вЂ‹вЂ‹вЂ‹вЂ‹вЂ‹SYR;160;-вЂ‹вЂ‹вЂ‹вЂ‹вЂ‹вЂ‹50;2013;[109];
AS-вЂ‹вЂ‹вЂ‹вЂ‹вЂ‹вЂ‹MMR;AS-вЂ‹вЂ‹вЂ‹вЂ‹вЂ‹вЂ‹THA;0;0;2015;[115,116];
AS-вЂ‹вЂ‹вЂ‹вЂ‹вЂ‹вЂ‹MNG;AS-вЂ‹вЂ‹вЂ‹вЂ‹вЂ‹вЂ‹RUS-вЂ‹вЂ‹вЂ‹вЂ‹вЂ‹вЂ‹SI;100;-вЂ‹вЂ‹вЂ‹вЂ‹вЂ‹вЂ‹100;2017;[113];
AS-вЂ‹вЂ‹вЂ‹вЂ‹вЂ‹вЂ‹MYS;AS-вЂ‹вЂ‹вЂ‹вЂ‹вЂ‹вЂ‹PHL;0;0;2015;[115,116];Planned subsea line
AS-вЂ‹вЂ‹вЂ‹вЂ‹вЂ‹вЂ‹MYS;AS-вЂ‹вЂ‹вЂ‹вЂ‹вЂ‹вЂ‹THA;380;-вЂ‹вЂ‹вЂ‹вЂ‹вЂ‹вЂ‹380;2015;[115,116];
AS-вЂ‹вЂ‹вЂ‹вЂ‹вЂ‹вЂ‹OMN;AS-вЂ‹вЂ‹вЂ‹вЂ‹вЂ‹вЂ‹SAU;0;0;2013;[109];
AS-вЂ‹вЂ‹вЂ‹вЂ‹вЂ‹вЂ‹OMN;AS-вЂ‹вЂ‹вЂ‹вЂ‹вЂ‹вЂ‹YEM;0;0;2018;[135];
AS-вЂ‹вЂ‹вЂ‹вЂ‹вЂ‹вЂ‹PRK;AS-вЂ‹вЂ‹вЂ‹вЂ‹вЂ‹вЂ‹RUS-вЂ‹вЂ‹вЂ‹вЂ‹вЂ‹вЂ‹FE;0;0;2015;[133];
AS-вЂ‹вЂ‹вЂ‹вЂ‹вЂ‹вЂ‹QAT;AS-вЂ‹вЂ‹вЂ‹вЂ‹вЂ‹вЂ‹SAU;750;-вЂ‹вЂ‹вЂ‹вЂ‹вЂ‹вЂ‹750;2013;[109];
AS-вЂ‹вЂ‹вЂ‹вЂ‹вЂ‹вЂ‹RUS-вЂ‹вЂ‹вЂ‹вЂ‹вЂ‹вЂ‹CE;AS-вЂ‹вЂ‹вЂ‹вЂ‹вЂ‹вЂ‹RUS-вЂ‹вЂ‹вЂ‹вЂ‹вЂ‹вЂ‹MV;3500;-вЂ‹вЂ‹вЂ‹вЂ‹вЂ‹вЂ‹3500;2010;[84];
AS-вЂ‹вЂ‹вЂ‹вЂ‹вЂ‹вЂ‹RUS-вЂ‹вЂ‹вЂ‹вЂ‹вЂ‹вЂ‹CE;AS-вЂ‹вЂ‹вЂ‹вЂ‹вЂ‹вЂ‹RUS-вЂ‹вЂ‹вЂ‹вЂ‹вЂ‹вЂ‹NW;1500;-вЂ‹вЂ‹вЂ‹вЂ‹вЂ‹вЂ‹1500;2010;[84];
AS-вЂ‹вЂ‹вЂ‹вЂ‹вЂ‹вЂ‹RUS-вЂ‹вЂ‹вЂ‹вЂ‹вЂ‹вЂ‹CE;AS-вЂ‹вЂ‹вЂ‹вЂ‹вЂ‹вЂ‹RUS-вЂ‹вЂ‹вЂ‹вЂ‹вЂ‹вЂ‹SO;2400;-вЂ‹вЂ‹вЂ‹вЂ‹вЂ‹вЂ‹2400;2010;[84];
AS-вЂ‹вЂ‹вЂ‹вЂ‹вЂ‹вЂ‹RUS-вЂ‹вЂ‹вЂ‹вЂ‹вЂ‹вЂ‹CE;EU-вЂ‹вЂ‹вЂ‹вЂ‹вЂ‹вЂ‹UKR;1800;-вЂ‹вЂ‹вЂ‹вЂ‹вЂ‹вЂ‹1800;2019;[136];
AS-вЂ‹вЂ‹вЂ‹вЂ‹вЂ‹вЂ‹RUS-вЂ‹вЂ‹вЂ‹вЂ‹вЂ‹вЂ‹FE;AS-вЂ‹вЂ‹вЂ‹вЂ‹вЂ‹вЂ‹RUS-вЂ‹вЂ‹вЂ‹вЂ‹вЂ‹вЂ‹SI;0;0;2010;[84];
AS-вЂ‹вЂ‹вЂ‹вЂ‹вЂ‹вЂ‹RUS-вЂ‹вЂ‹вЂ‹вЂ‹вЂ‹вЂ‹MV;AS-вЂ‹вЂ‹вЂ‹вЂ‹вЂ‹вЂ‹RUS-вЂ‹вЂ‹вЂ‹вЂ‹вЂ‹вЂ‹UR;3000;-вЂ‹вЂ‹вЂ‹вЂ‹вЂ‹вЂ‹3000;2010;[84];
AS-вЂ‹вЂ‹вЂ‹вЂ‹вЂ‹вЂ‹RUS-вЂ‹вЂ‹вЂ‹вЂ‹вЂ‹вЂ‹NW;AS-вЂ‹вЂ‹вЂ‹вЂ‹вЂ‹вЂ‹RUS-вЂ‹вЂ‹вЂ‹вЂ‹вЂ‹вЂ‹UR;0;0;2010;[84];
AS-вЂ‹вЂ‹вЂ‹вЂ‹вЂ‹вЂ‹RUS-вЂ‹вЂ‹вЂ‹вЂ‹вЂ‹вЂ‹SI;AS-вЂ‹вЂ‹вЂ‹вЂ‹вЂ‹вЂ‹RUS-вЂ‹вЂ‹вЂ‹вЂ‹вЂ‹вЂ‹UR;3300;-вЂ‹вЂ‹вЂ‹вЂ‹вЂ‹вЂ‹3300;2010;[84];
AS-вЂ‹вЂ‹вЂ‹вЂ‹вЂ‹вЂ‹RUS-вЂ‹вЂ‹вЂ‹вЂ‹вЂ‹вЂ‹SO;EU-вЂ‹вЂ‹вЂ‹вЂ‹вЂ‹вЂ‹UKR;1200;-вЂ‹вЂ‹вЂ‹вЂ‹вЂ‹вЂ‹1200;2019;[136];
AS-вЂ‹вЂ‹вЂ‹вЂ‹вЂ‹вЂ‹SAU;AS-вЂ‹вЂ‹вЂ‹вЂ‹вЂ‹вЂ‹YEM;0;0;2018;[135];
AS-вЂ‹вЂ‹вЂ‹вЂ‹вЂ‹вЂ‹SYR;AS-вЂ‹вЂ‹вЂ‹вЂ‹вЂ‹вЂ‹TUR;250;-вЂ‹вЂ‹вЂ‹вЂ‹вЂ‹вЂ‹250;2013;[109];
AS-вЂ‹вЂ‹вЂ‹вЂ‹вЂ‹вЂ‹TJK;AS-вЂ‹вЂ‹вЂ‹вЂ‹вЂ‹вЂ‹UZB;5445;-вЂ‹вЂ‹вЂ‹вЂ‹вЂ‹вЂ‹5445;2016;[132];
AS-вЂ‹вЂ‹вЂ‹вЂ‹вЂ‹вЂ‹TKM;AS-вЂ‹вЂ‹вЂ‹вЂ‹вЂ‹вЂ‹UZB;0;0;2018;[137];
EU-вЂ‹вЂ‹вЂ‹вЂ‹вЂ‹вЂ‹ALB;EU-вЂ‹вЂ‹вЂ‹вЂ‹вЂ‹вЂ‹GRC;250;-вЂ‹вЂ‹вЂ‹вЂ‹вЂ‹вЂ‹250;2015;[138];Estimate3
EU-вЂ‹вЂ‹вЂ‹вЂ‹вЂ‹вЂ‹ALB;EU-вЂ‹вЂ‹вЂ‹вЂ‹вЂ‹вЂ‹KOS;210;-вЂ‹вЂ‹вЂ‹вЂ‹вЂ‹вЂ‹210;2012;[139];
EU-вЂ‹вЂ‹вЂ‹вЂ‹вЂ‹вЂ‹ALB;EU-вЂ‹вЂ‹вЂ‹вЂ‹вЂ‹вЂ‹MKD;0;0;2012;[139];
EU-вЂ‹вЂ‹вЂ‹вЂ‹вЂ‹вЂ‹ARM;AS-вЂ‹вЂ‹вЂ‹вЂ‹вЂ‹вЂ‹IRN;300;-вЂ‹вЂ‹вЂ‹вЂ‹вЂ‹вЂ‹300;2016;[140];
EU-вЂ‹вЂ‹вЂ‹вЂ‹вЂ‹вЂ‹ARM;AS-вЂ‹вЂ‹вЂ‹вЂ‹вЂ‹вЂ‹TUR;0;0;2015;[141];
EU-вЂ‹вЂ‹вЂ‹вЂ‹вЂ‹вЂ‹ARM;EU-вЂ‹вЂ‹вЂ‹вЂ‹вЂ‹вЂ‹AZE;0;0;2016;[140];
EU-вЂ‹вЂ‹вЂ‹вЂ‹вЂ‹вЂ‹ARM;EU-вЂ‹вЂ‹вЂ‹вЂ‹вЂ‹вЂ‹GEO;150;-вЂ‹вЂ‹вЂ‹вЂ‹вЂ‹вЂ‹150;2015;[142];
EU-вЂ‹вЂ‹вЂ‹вЂ‹вЂ‹вЂ‹AUT;EU-вЂ‹вЂ‹вЂ‹вЂ‹вЂ‹вЂ‹CHE;1700;-вЂ‹вЂ‹вЂ‹вЂ‹вЂ‹вЂ‹1700;2015;[143];UCC EU model
EU-вЂ‹вЂ‹вЂ‹вЂ‹вЂ‹вЂ‹AUT;EU-вЂ‹вЂ‹вЂ‹вЂ‹вЂ‹вЂ‹CZE;1000;-вЂ‹вЂ‹вЂ‹вЂ‹вЂ‹вЂ‹1200;2015;[143];UCC EU model
EU-вЂ‹вЂ‹вЂ‹вЂ‹вЂ‹вЂ‹AUT;EU-вЂ‹вЂ‹вЂ‹вЂ‹вЂ‹вЂ‹DEU;2100;-вЂ‹вЂ‹вЂ‹вЂ‹вЂ‹вЂ‹2100;2015;[143];UCC EU model
EU-вЂ‹вЂ‹вЂ‹вЂ‹вЂ‹вЂ‹AUT;EU-вЂ‹вЂ‹вЂ‹вЂ‹вЂ‹вЂ‹HUN;1200;-вЂ‹вЂ‹вЂ‹вЂ‹вЂ‹вЂ‹800;2015;[143];UCC EU model
EU-вЂ‹вЂ‹вЂ‹вЂ‹вЂ‹вЂ‹AUT;EU-вЂ‹вЂ‹вЂ‹вЂ‹вЂ‹вЂ‹ITA;405;-вЂ‹вЂ‹вЂ‹вЂ‹вЂ‹вЂ‹235;2015;[143];UCC EU model
EU-вЂ‹вЂ‹вЂ‹вЂ‹вЂ‹вЂ‹AUT;EU-вЂ‹вЂ‹вЂ‹вЂ‹вЂ‹вЂ‹SVK;0;0;2015;[143];UCC EU model
EU-вЂ‹вЂ‹вЂ‹вЂ‹вЂ‹вЂ‹AUT;EU-вЂ‹вЂ‹вЂ‹вЂ‹вЂ‹вЂ‹SVN;1200;-вЂ‹вЂ‹вЂ‹вЂ‹вЂ‹вЂ‹1200;2015;[143];UCC EU model
EU-вЂ‹вЂ‹вЂ‹вЂ‹вЂ‹вЂ‹AZE;AS-вЂ‹вЂ‹вЂ‹вЂ‹вЂ‹вЂ‹IRN;800;-вЂ‹вЂ‹вЂ‹вЂ‹вЂ‹вЂ‹800;2015;[144];
EU-вЂ‹вЂ‹вЂ‹вЂ‹вЂ‹вЂ‹AZE;AS-вЂ‹вЂ‹вЂ‹вЂ‹вЂ‹вЂ‹RUS-вЂ‹вЂ‹вЂ‹вЂ‹вЂ‹вЂ‹SO;500;-вЂ‹вЂ‹вЂ‹вЂ‹вЂ‹вЂ‹850;2015;[144];
EU-вЂ‹вЂ‹вЂ‹вЂ‹вЂ‹вЂ‹AZE;AS-вЂ‹вЂ‹вЂ‹вЂ‹вЂ‹вЂ‹TUR;100;-вЂ‹вЂ‹вЂ‹вЂ‹вЂ‹вЂ‹100;2015;[144];
EU-вЂ‹вЂ‹вЂ‹вЂ‹вЂ‹вЂ‹AZE;EU-вЂ‹вЂ‹вЂ‹вЂ‹вЂ‹вЂ‹GEO;1020;-вЂ‹вЂ‹вЂ‹вЂ‹вЂ‹вЂ‹1020;2015;[142];
EU-вЂ‹вЂ‹вЂ‹вЂ‹вЂ‹вЂ‹BEL;EU-вЂ‹вЂ‹вЂ‹вЂ‹вЂ‹вЂ‹DEU;0;0;2015;[143];UCC EU model
EU-вЂ‹вЂ‹вЂ‹вЂ‹вЂ‹вЂ‹BEL;EU-вЂ‹вЂ‹вЂ‹вЂ‹вЂ‹вЂ‹FRA;1800;-вЂ‹вЂ‹вЂ‹вЂ‹вЂ‹вЂ‹3300;2015;[143];UCC EU model
EU-вЂ‹вЂ‹вЂ‹вЂ‹вЂ‹вЂ‹BEL;EU-вЂ‹вЂ‹вЂ‹вЂ‹вЂ‹вЂ‹GBR;0;0;2015;[145];Planned subsea line
EU-вЂ‹вЂ‹вЂ‹вЂ‹вЂ‹вЂ‹BEL;EU-вЂ‹вЂ‹вЂ‹вЂ‹вЂ‹вЂ‹LUX;180;0;2015;[143];UCC EU model
EU-вЂ‹вЂ‹вЂ‹вЂ‹вЂ‹вЂ‹BEL;EU-вЂ‹вЂ‹вЂ‹вЂ‹вЂ‹вЂ‹NLD;400;-вЂ‹вЂ‹вЂ‹вЂ‹вЂ‹вЂ‹400;2015;[143];UCC EU model
EU-вЂ‹вЂ‹вЂ‹вЂ‹вЂ‹вЂ‹BGR;AS-вЂ‹вЂ‹вЂ‹вЂ‹вЂ‹вЂ‹TUR;650;-вЂ‹вЂ‹вЂ‹вЂ‹вЂ‹вЂ‹500;2017;[146];
EU-вЂ‹вЂ‹вЂ‹вЂ‹вЂ‹вЂ‹BGR;EU-вЂ‹вЂ‹вЂ‹вЂ‹вЂ‹вЂ‹GRC;1728;-вЂ‹вЂ‹вЂ‹вЂ‹вЂ‹вЂ‹1032;2015;[143];UCC EU model
EU-вЂ‹вЂ‹вЂ‹вЂ‹вЂ‹вЂ‹BGR;EU-вЂ‹вЂ‹вЂ‹вЂ‹вЂ‹вЂ‹MKD;400;-вЂ‹вЂ‹вЂ‹вЂ‹вЂ‹вЂ‹200;2011;[147];
EU-вЂ‹вЂ‹вЂ‹вЂ‹вЂ‹вЂ‹BGR;EU-вЂ‹вЂ‹вЂ‹вЂ‹вЂ‹вЂ‹ROU;400;-вЂ‹вЂ‹вЂ‹вЂ‹вЂ‹вЂ‹300;2015;[143];UCC EU model
EU-вЂ‹вЂ‹вЂ‹вЂ‹вЂ‹вЂ‹BGR;EU-вЂ‹вЂ‹вЂ‹вЂ‹вЂ‹вЂ‹SRB;600;-вЂ‹вЂ‹вЂ‹вЂ‹вЂ‹вЂ‹300;2015;[148];Estimate3
EU-вЂ‹вЂ‹вЂ‹вЂ‹вЂ‹вЂ‹BIH;EU-вЂ‹вЂ‹вЂ‹вЂ‹вЂ‹вЂ‹HRV;800;-вЂ‹вЂ‹вЂ‹вЂ‹вЂ‹вЂ‹800;2015;[148];Estimate3
EU-вЂ‹вЂ‹вЂ‹вЂ‹вЂ‹вЂ‹BIH;EU-вЂ‹вЂ‹вЂ‹вЂ‹вЂ‹вЂ‹MNE;725;-вЂ‹вЂ‹вЂ‹вЂ‹вЂ‹вЂ‹725;2015;[149];Estimate4
EU-вЂ‹вЂ‹вЂ‹вЂ‹вЂ‹вЂ‹BIH;EU-вЂ‹вЂ‹вЂ‹вЂ‹вЂ‹вЂ‹SRB;600;-вЂ‹вЂ‹вЂ‹вЂ‹вЂ‹вЂ‹600;2015;[148];Estimate3
EU-вЂ‹вЂ‹вЂ‹вЂ‹вЂ‹вЂ‹BLR;AS-вЂ‹вЂ‹вЂ‹вЂ‹вЂ‹вЂ‹RUS-вЂ‹вЂ‹вЂ‹вЂ‹вЂ‹вЂ‹CE;859;-вЂ‹вЂ‹вЂ‹вЂ‹вЂ‹вЂ‹1117;2006;[150];
EU-вЂ‹вЂ‹вЂ‹вЂ‹вЂ‹вЂ‹BLR;AS-вЂ‹вЂ‹вЂ‹вЂ‹вЂ‹вЂ‹RUS-вЂ‹вЂ‹вЂ‹вЂ‹вЂ‹вЂ‹NW;141;-вЂ‹вЂ‹вЂ‹вЂ‹вЂ‹вЂ‹183;2006;[150];
EU-вЂ‹вЂ‹вЂ‹вЂ‹вЂ‹вЂ‹BLR;EU-вЂ‹вЂ‹вЂ‹вЂ‹вЂ‹вЂ‹LTU;1300;-вЂ‹вЂ‹вЂ‹вЂ‹вЂ‹вЂ‹1350;2014;[151];
EU-вЂ‹вЂ‹вЂ‹вЂ‹вЂ‹вЂ‹BLR;EU-вЂ‹вЂ‹вЂ‹вЂ‹вЂ‹вЂ‹LVA;0;0;2015;[152];
EU-вЂ‹вЂ‹вЂ‹вЂ‹вЂ‹вЂ‹BLR;EU-вЂ‹вЂ‹вЂ‹вЂ‹вЂ‹вЂ‹POL;0;0;2013;[153];
EU-вЂ‹вЂ‹вЂ‹вЂ‹вЂ‹вЂ‹BLR;EU-вЂ‹вЂ‹вЂ‹вЂ‹вЂ‹вЂ‹UKR;900;-вЂ‹вЂ‹вЂ‹вЂ‹вЂ‹вЂ‹900;2018;[136];
EU-вЂ‹вЂ‹вЂ‹вЂ‹вЂ‹вЂ‹CHE;EU-вЂ‹вЂ‹вЂ‹вЂ‹вЂ‹вЂ‹DEU;4700;-вЂ‹вЂ‹вЂ‹вЂ‹вЂ‹вЂ‹3286;2015;[143];UCC EU model
EU-вЂ‹вЂ‹вЂ‹вЂ‹вЂ‹вЂ‹CHE;EU-вЂ‹вЂ‹вЂ‹вЂ‹вЂ‹вЂ‹FRA;1300;-вЂ‹вЂ‹вЂ‹вЂ‹вЂ‹вЂ‹3200;2015;[143];UCC EU model
EU-вЂ‹вЂ‹вЂ‹вЂ‹вЂ‹вЂ‹CHE;EU-вЂ‹вЂ‹вЂ‹вЂ‹вЂ‹вЂ‹ITA;4090;-вЂ‹вЂ‹вЂ‹вЂ‹вЂ‹вЂ‹3260;2015;[143];UCC EU model
EU-вЂ‹вЂ‹вЂ‹вЂ‹вЂ‹вЂ‹CYP;AF-вЂ‹вЂ‹вЂ‹вЂ‹вЂ‹вЂ‹EGY;0;0;2018;[154];Planned subsea line
EU-вЂ‹вЂ‹вЂ‹вЂ‹вЂ‹вЂ‹CYP;AS-вЂ‹вЂ‹вЂ‹вЂ‹вЂ‹вЂ‹ISR;0;0;2015;[145];Planned subsea line
EU-вЂ‹вЂ‹вЂ‹вЂ‹вЂ‹вЂ‹CYP;EU-вЂ‹вЂ‹вЂ‹вЂ‹вЂ‹вЂ‹GRC;0;0;2015;[145];Planned subsea line
EU-вЂ‹вЂ‹вЂ‹вЂ‹вЂ‹вЂ‹CZE;EU-вЂ‹вЂ‹вЂ‹вЂ‹вЂ‹вЂ‹DEU;300;0;2015;[143];UCC EU model
EU-вЂ‹вЂ‹вЂ‹вЂ‹вЂ‹вЂ‹CZE;EU-вЂ‹вЂ‹вЂ‹вЂ‹вЂ‹вЂ‹POL;500;-вЂ‹вЂ‹вЂ‹вЂ‹вЂ‹вЂ‹600;2015;[143];UCC EU model
EU-вЂ‹вЂ‹вЂ‹вЂ‹вЂ‹вЂ‹CZE;EU-вЂ‹вЂ‹вЂ‹вЂ‹вЂ‹вЂ‹SVK;2100;-вЂ‹вЂ‹вЂ‹вЂ‹вЂ‹вЂ‹1100;2015;[143];UCC EU model
EU-вЂ‹вЂ‹вЂ‹вЂ‹вЂ‹вЂ‹DEU;EU-вЂ‹вЂ‹вЂ‹вЂ‹вЂ‹вЂ‹DNK;2350;-вЂ‹вЂ‹вЂ‹вЂ‹вЂ‹вЂ‹2380;2015;[143];UCC EU model
EU-вЂ‹вЂ‹вЂ‹вЂ‹вЂ‹вЂ‹DEU;EU-вЂ‹вЂ‹вЂ‹вЂ‹вЂ‹вЂ‹FRA;3000;-вЂ‹вЂ‹вЂ‹вЂ‹вЂ‹вЂ‹3000;2015;[143];UCC EU model
EU-вЂ‹вЂ‹вЂ‹вЂ‹вЂ‹вЂ‹DEU;EU-вЂ‹вЂ‹вЂ‹вЂ‹вЂ‹вЂ‹LUX;2300;-вЂ‹вЂ‹вЂ‹вЂ‹вЂ‹вЂ‹2300;2015;[143];UCC EU model
EU-вЂ‹вЂ‹вЂ‹вЂ‹вЂ‹вЂ‹DEU;EU-вЂ‹вЂ‹вЂ‹вЂ‹вЂ‹вЂ‹NLD;3100;-вЂ‹вЂ‹вЂ‹вЂ‹вЂ‹вЂ‹3300;2015;[143];UCC EU model
EU-вЂ‹вЂ‹вЂ‹вЂ‹вЂ‹вЂ‹DEU;EU-вЂ‹вЂ‹вЂ‹вЂ‹вЂ‹вЂ‹NOR;0;0;2015;[145];Planned subsea line
EU-вЂ‹вЂ‹вЂ‹вЂ‹вЂ‹вЂ‹DEU;EU-вЂ‹вЂ‹вЂ‹вЂ‹вЂ‹вЂ‹POL;0;-вЂ‹вЂ‹вЂ‹вЂ‹вЂ‹вЂ‹1500;2015;[143];UCC EU model
EU-вЂ‹вЂ‹вЂ‹вЂ‹вЂ‹вЂ‹DEU;EU-вЂ‹вЂ‹вЂ‹вЂ‹вЂ‹вЂ‹SWE;600;-вЂ‹вЂ‹вЂ‹вЂ‹вЂ‹вЂ‹600;2015;[143];Subsea, UCC EU model
EU-вЂ‹вЂ‹вЂ‹вЂ‹вЂ‹вЂ‹DNK;EU-вЂ‹вЂ‹вЂ‹вЂ‹вЂ‹вЂ‹GBR;0;0;2015;[155];Planned subsea line
EU-вЂ‹вЂ‹вЂ‹вЂ‹вЂ‹вЂ‹DNK;EU-вЂ‹вЂ‹вЂ‹вЂ‹вЂ‹вЂ‹NLD;0;0;2015;[155];Planned subsea line
EU-вЂ‹вЂ‹вЂ‹вЂ‹вЂ‹вЂ‹DNK;EU-вЂ‹вЂ‹вЂ‹вЂ‹вЂ‹вЂ‹NOR;1640;-вЂ‹вЂ‹вЂ‹вЂ‹вЂ‹вЂ‹1640;2015;[143];Subsea, UCC EU model
EU-вЂ‹вЂ‹вЂ‹вЂ‹вЂ‹вЂ‹DNK;EU-вЂ‹вЂ‹вЂ‹вЂ‹вЂ‹вЂ‹SWE;2440;-вЂ‹вЂ‹вЂ‹вЂ‹вЂ‹вЂ‹1980;2015;[143];Subsea, UCC EU model
EU-вЂ‹вЂ‹вЂ‹вЂ‹вЂ‹вЂ‹ESP;AF-вЂ‹вЂ‹вЂ‹вЂ‹вЂ‹вЂ‹MAR;700;-вЂ‹вЂ‹вЂ‹вЂ‹вЂ‹вЂ‹700;2015;[143];Subsea, UCC EU model
EU-вЂ‹вЂ‹вЂ‹вЂ‹вЂ‹вЂ‹ESP;EU-вЂ‹вЂ‹вЂ‹вЂ‹вЂ‹вЂ‹FRA;1900;-вЂ‹вЂ‹вЂ‹вЂ‹вЂ‹вЂ‹2700;2015;[143];UCC EU model
EU-вЂ‹вЂ‹вЂ‹вЂ‹вЂ‹вЂ‹ESP;EU-вЂ‹вЂ‹вЂ‹вЂ‹вЂ‹вЂ‹PRT;2600;-вЂ‹вЂ‹вЂ‹вЂ‹вЂ‹вЂ‹2150;2015;[143];UCC EU model
EU-вЂ‹вЂ‹вЂ‹вЂ‹вЂ‹вЂ‹EST;AS-вЂ‹вЂ‹вЂ‹вЂ‹вЂ‹вЂ‹RUS-вЂ‹вЂ‹вЂ‹вЂ‹вЂ‹вЂ‹NW;850;-вЂ‹вЂ‹вЂ‹вЂ‹вЂ‹вЂ‹1000;2014;[151];
EU-вЂ‹вЂ‹вЂ‹вЂ‹вЂ‹вЂ‹EST;EU-вЂ‹вЂ‹вЂ‹вЂ‹вЂ‹вЂ‹FIN;1016;-вЂ‹вЂ‹вЂ‹вЂ‹вЂ‹вЂ‹1000;2015;[143];UCC EU model
EU-вЂ‹вЂ‹вЂ‹вЂ‹вЂ‹вЂ‹EST;EU-вЂ‹вЂ‹вЂ‹вЂ‹вЂ‹вЂ‹LVA;1100;-вЂ‹вЂ‹вЂ‹вЂ‹вЂ‹вЂ‹1100;2015;[143];UCC EU model
EU-вЂ‹вЂ‹вЂ‹вЂ‹вЂ‹вЂ‹FIN;AS-вЂ‹вЂ‹вЂ‹вЂ‹вЂ‹вЂ‹RUS-вЂ‹вЂ‹вЂ‹вЂ‹вЂ‹вЂ‹NW;320;-вЂ‹вЂ‹вЂ‹вЂ‹вЂ‹вЂ‹1300;2016;[156];
EU-вЂ‹вЂ‹вЂ‹вЂ‹вЂ‹вЂ‹FIN;EU-вЂ‹вЂ‹вЂ‹вЂ‹вЂ‹вЂ‹NOR;126;-вЂ‹вЂ‹вЂ‹вЂ‹вЂ‹вЂ‹126;2015;[157];
EU-вЂ‹вЂ‹вЂ‹вЂ‹вЂ‹вЂ‹FIN;EU-вЂ‹вЂ‹вЂ‹вЂ‹вЂ‹вЂ‹SWE;1500;-вЂ‹вЂ‹вЂ‹вЂ‹вЂ‹вЂ‹1900;2015;[143];UCC EU model
EU-вЂ‹вЂ‹вЂ‹вЂ‹вЂ‹вЂ‹FRA;EU-вЂ‹вЂ‹вЂ‹вЂ‹вЂ‹вЂ‹GBR;2000;-вЂ‹вЂ‹вЂ‹вЂ‹вЂ‹вЂ‹2000;2015;[143];Subsea, UCC EU model
EU-вЂ‹вЂ‹вЂ‹вЂ‹вЂ‹вЂ‹FRA;EU-вЂ‹вЂ‹вЂ‹вЂ‹вЂ‹вЂ‹IRL;0;0;2015;[155];Planned subsea line
EU-вЂ‹вЂ‹вЂ‹вЂ‹вЂ‹вЂ‹FRA;EU-вЂ‹вЂ‹вЂ‹вЂ‹вЂ‹вЂ‹ITA;4350;-вЂ‹вЂ‹вЂ‹вЂ‹вЂ‹вЂ‹2160;2015;[143];UCC EU model
EU-вЂ‹вЂ‹вЂ‹вЂ‹вЂ‹вЂ‹FRA;EU-вЂ‹вЂ‹вЂ‹вЂ‹вЂ‹вЂ‹LUX;380;0;2015;[143];UCC EU model
EU-вЂ‹вЂ‹вЂ‹вЂ‹вЂ‹вЂ‹GBR;EU-вЂ‹вЂ‹вЂ‹вЂ‹вЂ‹вЂ‹IRL;800;-вЂ‹вЂ‹вЂ‹вЂ‹вЂ‹вЂ‹800;2015;[143];Subsea, UCC EU model
EU-вЂ‹вЂ‹вЂ‹вЂ‹вЂ‹вЂ‹GBR;EU-вЂ‹вЂ‹вЂ‹вЂ‹вЂ‹вЂ‹ISL;0;0;2015;[145];Planned subsea line
EU-вЂ‹вЂ‹вЂ‹вЂ‹вЂ‹вЂ‹GBR;EU-вЂ‹вЂ‹вЂ‹вЂ‹вЂ‹вЂ‹NLD;1000;-вЂ‹вЂ‹вЂ‹вЂ‹вЂ‹вЂ‹1000;2015;[143];Subsea, UCC EU model
EU-вЂ‹вЂ‹вЂ‹вЂ‹вЂ‹вЂ‹GBR;EU-вЂ‹вЂ‹вЂ‹вЂ‹вЂ‹вЂ‹NOR;0;0;2015;[145];Planned subsea line
EU-вЂ‹вЂ‹вЂ‹вЂ‹вЂ‹вЂ‹GEO;AS-вЂ‹вЂ‹вЂ‹вЂ‹вЂ‹вЂ‹RUS-вЂ‹вЂ‹вЂ‹вЂ‹вЂ‹вЂ‹SO;750;-вЂ‹вЂ‹вЂ‹вЂ‹вЂ‹вЂ‹850;2015;[142];
EU-вЂ‹вЂ‹вЂ‹вЂ‹вЂ‹вЂ‹GEO;AS-вЂ‹вЂ‹вЂ‹вЂ‹вЂ‹вЂ‹TUR;850;-вЂ‹вЂ‹вЂ‹вЂ‹вЂ‹вЂ‹850;2015;[142];
EU-вЂ‹вЂ‹вЂ‹вЂ‹вЂ‹вЂ‹GRC;AS-вЂ‹вЂ‹вЂ‹вЂ‹вЂ‹вЂ‹TUR;650;-вЂ‹вЂ‹вЂ‹вЂ‹вЂ‹вЂ‹500;2017;[146];
EU-вЂ‹вЂ‹вЂ‹вЂ‹вЂ‹вЂ‹GRC;EU-вЂ‹вЂ‹вЂ‹вЂ‹вЂ‹вЂ‹ITA;500;-вЂ‹вЂ‹вЂ‹вЂ‹вЂ‹вЂ‹500;2015;[143];Subsea, UCC EU model
EU-вЂ‹вЂ‹вЂ‹вЂ‹вЂ‹вЂ‹GRC;EU-вЂ‹вЂ‹вЂ‹вЂ‹вЂ‹вЂ‹MKD;350;-вЂ‹вЂ‹вЂ‹вЂ‹вЂ‹вЂ‹450;2015;[148];Estimate3
EU-вЂ‹вЂ‹вЂ‹вЂ‹вЂ‹вЂ‹HRV;EU-вЂ‹вЂ‹вЂ‹вЂ‹вЂ‹вЂ‹HUN;2000;-вЂ‹вЂ‹вЂ‹вЂ‹вЂ‹вЂ‹2000;2015;[143];UCC EU model
EU-вЂ‹вЂ‹вЂ‹вЂ‹вЂ‹вЂ‹HRV;EU-вЂ‹вЂ‹вЂ‹вЂ‹вЂ‹вЂ‹MNE;0;0;2015;[152];
EU-вЂ‹вЂ‹вЂ‹вЂ‹вЂ‹вЂ‹HRV;EU-вЂ‹вЂ‹вЂ‹вЂ‹вЂ‹вЂ‹SRB;600;-вЂ‹вЂ‹вЂ‹вЂ‹вЂ‹вЂ‹600;2015;[148];Estimate3
EU-вЂ‹вЂ‹вЂ‹вЂ‹вЂ‹вЂ‹HRV;EU-вЂ‹вЂ‹вЂ‹вЂ‹вЂ‹вЂ‹SVN;2000;-вЂ‹вЂ‹вЂ‹вЂ‹вЂ‹вЂ‹2000;2015;[148];Estimate3
EU-вЂ‹вЂ‹вЂ‹вЂ‹вЂ‹вЂ‹HUN;EU-вЂ‹вЂ‹вЂ‹вЂ‹вЂ‹вЂ‹ROU;1300;-вЂ‹вЂ‹вЂ‹вЂ‹вЂ‹вЂ‹1400;2015;[143];UCC EU model
EU-вЂ‹вЂ‹вЂ‹вЂ‹вЂ‹вЂ‹HUN;EU-вЂ‹вЂ‹вЂ‹вЂ‹вЂ‹вЂ‹SRB;700;-вЂ‹вЂ‹вЂ‹вЂ‹вЂ‹вЂ‹800;2015;[148];Estimate3
EU-вЂ‹вЂ‹вЂ‹вЂ‹вЂ‹вЂ‹HUN;EU-вЂ‹вЂ‹вЂ‹вЂ‹вЂ‹вЂ‹SVK;1800;-вЂ‹вЂ‹вЂ‹вЂ‹вЂ‹вЂ‹450;2015;[143];UCC EU model
EU-вЂ‹вЂ‹вЂ‹вЂ‹вЂ‹вЂ‹HUN;EU-вЂ‹вЂ‹вЂ‹вЂ‹вЂ‹вЂ‹SVN;1700;-вЂ‹вЂ‹вЂ‹вЂ‹вЂ‹вЂ‹2000;2015;[143];UCC EU model
EU-вЂ‹вЂ‹вЂ‹вЂ‹вЂ‹вЂ‹HUN;EU-вЂ‹вЂ‹вЂ‹вЂ‹вЂ‹вЂ‹UKR;650;-вЂ‹вЂ‹вЂ‹вЂ‹вЂ‹вЂ‹650;2018;[136];
EU-вЂ‹вЂ‹вЂ‹вЂ‹вЂ‹вЂ‹ITA;AF-вЂ‹вЂ‹вЂ‹вЂ‹вЂ‹вЂ‹TUN;0;0;2016;[158];Planned subsea line
EU-вЂ‹вЂ‹вЂ‹вЂ‹вЂ‹вЂ‹ITA;EU-вЂ‹вЂ‹вЂ‹вЂ‹вЂ‹вЂ‹SVN;580;-вЂ‹вЂ‹вЂ‹вЂ‹вЂ‹вЂ‹530;2015;[143];
EU-вЂ‹вЂ‹вЂ‹вЂ‹вЂ‹вЂ‹KOS;EU-вЂ‹вЂ‹вЂ‹вЂ‹вЂ‹вЂ‹MKD;400;-вЂ‹вЂ‹вЂ‹вЂ‹вЂ‹вЂ‹400;2011;[159];
EU-вЂ‹вЂ‹вЂ‹вЂ‹вЂ‹вЂ‹KOS;EU-вЂ‹вЂ‹вЂ‹вЂ‹вЂ‹вЂ‹MNE;400;-вЂ‹вЂ‹вЂ‹вЂ‹вЂ‹вЂ‹400;2011;[159];
EU-вЂ‹вЂ‹вЂ‹вЂ‹вЂ‹вЂ‹KOS;EU-вЂ‹вЂ‹вЂ‹вЂ‹вЂ‹вЂ‹SRB;600;-вЂ‹вЂ‹вЂ‹вЂ‹вЂ‹вЂ‹600;2011;[159];
EU-вЂ‹вЂ‹вЂ‹вЂ‹вЂ‹вЂ‹LTU;AS-вЂ‹вЂ‹вЂ‹вЂ‹вЂ‹вЂ‹RUS-вЂ‹вЂ‹вЂ‹вЂ‹вЂ‹вЂ‹NW;680;-вЂ‹вЂ‹вЂ‹вЂ‹вЂ‹вЂ‹600;2014;[151];
EU-вЂ‹вЂ‹вЂ‹вЂ‹вЂ‹вЂ‹LTU;EU-вЂ‹вЂ‹вЂ‹вЂ‹вЂ‹вЂ‹LVA;1500;-вЂ‹вЂ‹вЂ‹вЂ‹вЂ‹вЂ‹1200;2015;[143];UCC EU model
EU-вЂ‹вЂ‹вЂ‹вЂ‹вЂ‹вЂ‹LTU;EU-вЂ‹вЂ‹вЂ‹вЂ‹вЂ‹вЂ‹POL;500;0;2015;[143];UCC EU model
EU-вЂ‹вЂ‹вЂ‹вЂ‹вЂ‹вЂ‹LTU;EU-вЂ‹вЂ‹вЂ‹вЂ‹вЂ‹вЂ‹SWE;700;-вЂ‹вЂ‹вЂ‹вЂ‹вЂ‹вЂ‹700;2015;[143];Subsea, UCC EU model
EU-вЂ‹вЂ‹вЂ‹вЂ‹вЂ‹вЂ‹LVA;AS-вЂ‹вЂ‹вЂ‹вЂ‹вЂ‹вЂ‹RUS-вЂ‹вЂ‹вЂ‹вЂ‹вЂ‹вЂ‹NW;1200;-вЂ‹вЂ‹вЂ‹вЂ‹вЂ‹вЂ‹1500;2006;[150];
EU-вЂ‹вЂ‹вЂ‹вЂ‹вЂ‹вЂ‹MDA;EU-вЂ‹вЂ‹вЂ‹вЂ‹вЂ‹вЂ‹ROU;0;0;2015;[148];Estimate3
EU-вЂ‹вЂ‹вЂ‹вЂ‹вЂ‹вЂ‹MDA;EU-вЂ‹вЂ‹вЂ‹вЂ‹вЂ‹вЂ‹UKR;700;-вЂ‹вЂ‹вЂ‹вЂ‹вЂ‹вЂ‹700;2018;[136];
EU-вЂ‹вЂ‹вЂ‹вЂ‹вЂ‹вЂ‹MKD;EU-вЂ‹вЂ‹вЂ‹вЂ‹вЂ‹вЂ‹SRB;300;-вЂ‹вЂ‹вЂ‹вЂ‹вЂ‹вЂ‹700;2015;[148];Estimate3
EU-вЂ‹вЂ‹вЂ‹вЂ‹вЂ‹вЂ‹MNE;EU-вЂ‹вЂ‹вЂ‹вЂ‹вЂ‹вЂ‹SRB;700;-вЂ‹вЂ‹вЂ‹вЂ‹вЂ‹вЂ‹700;2015;[148];Estimate3
EU-вЂ‹вЂ‹вЂ‹вЂ‹вЂ‹вЂ‹NLD;EU-вЂ‹вЂ‹вЂ‹вЂ‹вЂ‹вЂ‹NOR;700;-вЂ‹вЂ‹вЂ‹вЂ‹вЂ‹вЂ‹700;2015;[143];Subsea, UCC EU model
EU-вЂ‹вЂ‹вЂ‹вЂ‹вЂ‹вЂ‹NOR;AS-вЂ‹вЂ‹вЂ‹вЂ‹вЂ‹вЂ‹RUS-вЂ‹вЂ‹вЂ‹вЂ‹вЂ‹вЂ‹NW;50;-вЂ‹вЂ‹вЂ‹вЂ‹вЂ‹вЂ‹50;2013;[160];
EU-вЂ‹вЂ‹вЂ‹вЂ‹вЂ‹вЂ‹NOR;EU-вЂ‹вЂ‹вЂ‹вЂ‹вЂ‹вЂ‹SWE;3695;-вЂ‹вЂ‹вЂ‹вЂ‹вЂ‹вЂ‹3995;2015;[143];UCC EU model
EU-вЂ‹вЂ‹вЂ‹вЂ‹вЂ‹вЂ‹POL;EU-вЂ‹вЂ‹вЂ‹вЂ‹вЂ‹вЂ‹SVK;990;-вЂ‹вЂ‹вЂ‹вЂ‹вЂ‹вЂ‹990;2015;[143];UCC EU model
EU-вЂ‹вЂ‹вЂ‹вЂ‹вЂ‹вЂ‹POL;EU-вЂ‹вЂ‹вЂ‹вЂ‹вЂ‹вЂ‹SWE;600;-вЂ‹вЂ‹вЂ‹вЂ‹вЂ‹вЂ‹600;2015;[143];Subsea, UCC EU model
EU-вЂ‹вЂ‹вЂ‹вЂ‹вЂ‹вЂ‹POL;EU-вЂ‹вЂ‹вЂ‹вЂ‹вЂ‹вЂ‹UKR;235;-вЂ‹вЂ‹вЂ‹вЂ‹вЂ‹вЂ‹235;2018;[136];
EU-вЂ‹вЂ‹вЂ‹вЂ‹вЂ‹вЂ‹ROU;EU-вЂ‹вЂ‹вЂ‹вЂ‹вЂ‹вЂ‹SRB;700;-вЂ‹вЂ‹вЂ‹вЂ‹вЂ‹вЂ‹800;2015;[148];
EU-вЂ‹вЂ‹вЂ‹вЂ‹вЂ‹вЂ‹ROU;EU-вЂ‹вЂ‹вЂ‹вЂ‹вЂ‹вЂ‹UKR;650;-вЂ‹вЂ‹вЂ‹вЂ‹вЂ‹вЂ‹650;2018;[136];
EU-вЂ‹вЂ‹вЂ‹вЂ‹вЂ‹вЂ‹SVK;EU-вЂ‹вЂ‹вЂ‹вЂ‹вЂ‹вЂ‹UKR;650;-вЂ‹вЂ‹вЂ‹вЂ‹вЂ‹вЂ‹650;2018;[136];
NA-вЂ‹вЂ‹вЂ‹вЂ‹вЂ‹вЂ‹CAN-вЂ‹вЂ‹вЂ‹вЂ‹вЂ‹вЂ‹AB;NA-вЂ‹вЂ‹вЂ‹вЂ‹вЂ‹вЂ‹CAN-вЂ‹вЂ‹вЂ‹вЂ‹вЂ‹вЂ‹BC;1000;-вЂ‹вЂ‹вЂ‹вЂ‹вЂ‹вЂ‹1200;2015;[26];
NA-вЂ‹вЂ‹вЂ‹вЂ‹вЂ‹вЂ‹CAN-вЂ‹вЂ‹вЂ‹вЂ‹вЂ‹вЂ‹AB;NA-вЂ‹вЂ‹вЂ‹вЂ‹вЂ‹вЂ‹CAN-вЂ‹вЂ‹вЂ‹вЂ‹вЂ‹вЂ‹NO;0;0;2015;[26];
NA-вЂ‹вЂ‹вЂ‹вЂ‹вЂ‹вЂ‹CAN-вЂ‹вЂ‹вЂ‹вЂ‹вЂ‹вЂ‹AB;NA-вЂ‹вЂ‹вЂ‹вЂ‹вЂ‹вЂ‹CAN-вЂ‹вЂ‹вЂ‹вЂ‹вЂ‹вЂ‹SK;150;-вЂ‹вЂ‹вЂ‹вЂ‹вЂ‹вЂ‹150;2015;[26];
NA-вЂ‹вЂ‹вЂ‹вЂ‹вЂ‹вЂ‹CAN-вЂ‹вЂ‹вЂ‹вЂ‹вЂ‹вЂ‹AB;NA-вЂ‹вЂ‹вЂ‹вЂ‹вЂ‹вЂ‹USA-вЂ‹вЂ‹вЂ‹вЂ‹вЂ‹вЂ‹NW;325;-вЂ‹вЂ‹вЂ‹вЂ‹вЂ‹вЂ‹300;2015;[26];
NA-вЂ‹вЂ‹вЂ‹вЂ‹вЂ‹вЂ‹CAN-вЂ‹вЂ‹вЂ‹вЂ‹вЂ‹вЂ‹AR;NA-вЂ‹вЂ‹вЂ‹вЂ‹вЂ‹вЂ‹CAN-вЂ‹вЂ‹вЂ‹вЂ‹вЂ‹вЂ‹QC;785;-вЂ‹вЂ‹вЂ‹вЂ‹вЂ‹вЂ‹1029;2015;[28];
NA-вЂ‹вЂ‹вЂ‹вЂ‹вЂ‹вЂ‹CAN-вЂ‹вЂ‹вЂ‹вЂ‹вЂ‹вЂ‹AR;NA-вЂ‹вЂ‹вЂ‹вЂ‹вЂ‹вЂ‹USA-вЂ‹вЂ‹вЂ‹вЂ‹вЂ‹вЂ‹NE;1120;-вЂ‹вЂ‹вЂ‹вЂ‹вЂ‹вЂ‹750;2015;[6];
NA-вЂ‹вЂ‹вЂ‹вЂ‹вЂ‹вЂ‹CAN-вЂ‹вЂ‹вЂ‹вЂ‹вЂ‹вЂ‹BC;NA-вЂ‹вЂ‹вЂ‹вЂ‹вЂ‹вЂ‹CAN-вЂ‹вЂ‹вЂ‹вЂ‹вЂ‹вЂ‹NO;0;0;2015;[29];Estimate4
NA-вЂ‹вЂ‹вЂ‹вЂ‹вЂ‹вЂ‹CAN-вЂ‹вЂ‹вЂ‹вЂ‹вЂ‹вЂ‹BC;NA-вЂ‹вЂ‹вЂ‹вЂ‹вЂ‹вЂ‹USA-вЂ‹вЂ‹вЂ‹вЂ‹вЂ‹вЂ‹AK;0;0;2015;[29];Estimate4
NA-вЂ‹вЂ‹вЂ‹вЂ‹вЂ‹вЂ‹CAN-вЂ‹вЂ‹вЂ‹вЂ‹вЂ‹вЂ‹BC;NA-вЂ‹вЂ‹вЂ‹вЂ‹вЂ‹вЂ‹USA-вЂ‹вЂ‹вЂ‹вЂ‹вЂ‹вЂ‹NW;2364;-вЂ‹вЂ‹вЂ‹вЂ‹вЂ‹вЂ‹2364;2015;[29];Estimate4
NA-вЂ‹вЂ‹вЂ‹вЂ‹вЂ‹вЂ‹CAN-вЂ‹вЂ‹вЂ‹вЂ‹вЂ‹вЂ‹MB;NA-вЂ‹вЂ‹вЂ‹вЂ‹вЂ‹вЂ‹CAN-вЂ‹вЂ‹вЂ‹вЂ‹вЂ‹вЂ‹NO;0;0;2015;[27];
NA-вЂ‹вЂ‹вЂ‹вЂ‹вЂ‹вЂ‹CAN-вЂ‹вЂ‹вЂ‹вЂ‹вЂ‹вЂ‹MB;NA-вЂ‹вЂ‹вЂ‹вЂ‹вЂ‹вЂ‹CAN-вЂ‹вЂ‹вЂ‹вЂ‹вЂ‹вЂ‹ON;234;-вЂ‹вЂ‹вЂ‹вЂ‹вЂ‹вЂ‹234;2015;[27];
NA-вЂ‹вЂ‹вЂ‹вЂ‹вЂ‹вЂ‹CAN-вЂ‹вЂ‹вЂ‹вЂ‹вЂ‹вЂ‹MB;NA-вЂ‹вЂ‹вЂ‹вЂ‹вЂ‹вЂ‹CAN-вЂ‹вЂ‹вЂ‹вЂ‹вЂ‹вЂ‹SK;220;-вЂ‹вЂ‹вЂ‹вЂ‹вЂ‹вЂ‹175;2015;[27];
NA-вЂ‹вЂ‹вЂ‹вЂ‹вЂ‹вЂ‹CAN-вЂ‹вЂ‹вЂ‹вЂ‹вЂ‹вЂ‹MB;NA-вЂ‹вЂ‹вЂ‹вЂ‹вЂ‹вЂ‹USA-вЂ‹вЂ‹вЂ‹вЂ‹вЂ‹вЂ‹MW;2100;-вЂ‹вЂ‹вЂ‹вЂ‹вЂ‹вЂ‹2100;2015;[27];
NA-вЂ‹вЂ‹вЂ‹вЂ‹вЂ‹вЂ‹CAN-вЂ‹вЂ‹вЂ‹вЂ‹вЂ‹вЂ‹NL;NA-вЂ‹вЂ‹вЂ‹вЂ‹вЂ‹вЂ‹CAN-вЂ‹вЂ‹вЂ‹вЂ‹вЂ‹вЂ‹QC;5150;0;2012;[25];
NA-вЂ‹вЂ‹вЂ‹вЂ‹вЂ‹вЂ‹CAN-вЂ‹вЂ‹вЂ‹вЂ‹вЂ‹вЂ‹NO;NA-вЂ‹вЂ‹вЂ‹вЂ‹вЂ‹вЂ‹CAN-вЂ‹вЂ‹вЂ‹вЂ‹вЂ‹вЂ‹SK;0;0;2015;[24];
NA-вЂ‹вЂ‹вЂ‹вЂ‹вЂ‹вЂ‹CAN-вЂ‹вЂ‹вЂ‹вЂ‹вЂ‹вЂ‹ON;NA-вЂ‹вЂ‹вЂ‹вЂ‹вЂ‹вЂ‹CAN-вЂ‹вЂ‹вЂ‹вЂ‹вЂ‹вЂ‹QC;1970;-вЂ‹вЂ‹вЂ‹вЂ‹вЂ‹вЂ‹2705;2015;[6];
NA-вЂ‹вЂ‹вЂ‹вЂ‹вЂ‹вЂ‹CAN-вЂ‹вЂ‹вЂ‹вЂ‹вЂ‹вЂ‹ON;NA-вЂ‹вЂ‹вЂ‹вЂ‹вЂ‹вЂ‹USA-вЂ‹вЂ‹вЂ‹вЂ‹вЂ‹вЂ‹MW;132;-вЂ‹вЂ‹вЂ‹вЂ‹вЂ‹вЂ‹132;2015;[19];Estimate4
NA-вЂ‹вЂ‹вЂ‹вЂ‹вЂ‹вЂ‹CAN-вЂ‹вЂ‹вЂ‹вЂ‹вЂ‹вЂ‹ON;NA-вЂ‹вЂ‹вЂ‹вЂ‹вЂ‹вЂ‹USA-вЂ‹вЂ‹вЂ‹вЂ‹вЂ‹вЂ‹NY;1949;-вЂ‹вЂ‹вЂ‹вЂ‹вЂ‹вЂ‹1949;2015;[19];Estimate4
NA-вЂ‹вЂ‹вЂ‹вЂ‹вЂ‹вЂ‹CAN-вЂ‹вЂ‹вЂ‹вЂ‹вЂ‹вЂ‹ON;NA-вЂ‹вЂ‹вЂ‹вЂ‹вЂ‹вЂ‹USA-вЂ‹вЂ‹вЂ‹вЂ‹вЂ‹вЂ‹RM;1747;-вЂ‹вЂ‹вЂ‹вЂ‹вЂ‹вЂ‹1747;2015;[19];Estimate4
NA-вЂ‹вЂ‹вЂ‹вЂ‹вЂ‹вЂ‹CAN-вЂ‹вЂ‹вЂ‹вЂ‹вЂ‹вЂ‹QC;NA-вЂ‹вЂ‹вЂ‹вЂ‹вЂ‹вЂ‹USA-вЂ‹вЂ‹вЂ‹вЂ‹вЂ‹вЂ‹NE;2275;-вЂ‹вЂ‹вЂ‹вЂ‹вЂ‹вЂ‹2170;2015;[6];
NA-вЂ‹вЂ‹вЂ‹вЂ‹вЂ‹вЂ‹CAN-вЂ‹вЂ‹вЂ‹вЂ‹вЂ‹вЂ‹QC;NA-вЂ‹вЂ‹вЂ‹вЂ‹вЂ‹вЂ‹USA-вЂ‹вЂ‹вЂ‹вЂ‹вЂ‹вЂ‹NY;1999;-вЂ‹вЂ‹вЂ‹вЂ‹вЂ‹вЂ‹1100;2015;[6];
NA-вЂ‹вЂ‹вЂ‹вЂ‹вЂ‹вЂ‹CAN-вЂ‹вЂ‹вЂ‹вЂ‹вЂ‹вЂ‹SK;NA-вЂ‹вЂ‹вЂ‹вЂ‹вЂ‹вЂ‹USA-вЂ‹вЂ‹вЂ‹вЂ‹вЂ‹вЂ‹MW;100;-вЂ‹вЂ‹вЂ‹вЂ‹вЂ‹вЂ‹50;2015;[24];
NA-вЂ‹вЂ‹вЂ‹вЂ‹вЂ‹вЂ‹CRI;NA-вЂ‹вЂ‹вЂ‹вЂ‹вЂ‹вЂ‹NIC;300;-вЂ‹вЂ‹вЂ‹вЂ‹вЂ‹вЂ‹300;2015;[161];
NA-вЂ‹вЂ‹вЂ‹вЂ‹вЂ‹вЂ‹CRI;NA-вЂ‹вЂ‹вЂ‹вЂ‹вЂ‹вЂ‹PAN;300;-вЂ‹вЂ‹вЂ‹вЂ‹вЂ‹вЂ‹300;2015;[161];
NA-вЂ‹вЂ‹вЂ‹вЂ‹вЂ‹вЂ‹GTM;NA-вЂ‹вЂ‹вЂ‹вЂ‹вЂ‹вЂ‹HND;300;-вЂ‹вЂ‹вЂ‹вЂ‹вЂ‹вЂ‹300;2015;[161];
NA-вЂ‹вЂ‹вЂ‹вЂ‹вЂ‹вЂ‹GTM;NA-вЂ‹вЂ‹вЂ‹вЂ‹вЂ‹вЂ‹MEX;200;-вЂ‹вЂ‹вЂ‹вЂ‹вЂ‹вЂ‹200;2015;[161];
NA-вЂ‹вЂ‹вЂ‹вЂ‹вЂ‹вЂ‹GTM;NA-вЂ‹вЂ‹вЂ‹вЂ‹вЂ‹вЂ‹SLV;300;-вЂ‹вЂ‹вЂ‹вЂ‹вЂ‹вЂ‹300;2015;[161];
NA-вЂ‹вЂ‹вЂ‹вЂ‹вЂ‹вЂ‹HND;NA-вЂ‹вЂ‹вЂ‹вЂ‹вЂ‹вЂ‹NIC;300;-вЂ‹вЂ‹вЂ‹вЂ‹вЂ‹вЂ‹300;2015;[161];
NA-вЂ‹вЂ‹вЂ‹вЂ‹вЂ‹вЂ‹HND;NA-вЂ‹вЂ‹вЂ‹вЂ‹вЂ‹вЂ‹SLV;300;-вЂ‹вЂ‹вЂ‹вЂ‹вЂ‹вЂ‹300;2015;[161];
NA-вЂ‹вЂ‹вЂ‹вЂ‹вЂ‹вЂ‹USA-вЂ‹вЂ‹вЂ‹вЂ‹вЂ‹вЂ‹AZ;NA-вЂ‹вЂ‹вЂ‹вЂ‹вЂ‹вЂ‹MEX;0;0;2015-вЂ‹вЂ‹вЂ‹вЂ‹вЂ‹вЂ‹2017;[62];Estimate4
NA-вЂ‹вЂ‹вЂ‹вЂ‹вЂ‹вЂ‹USA-вЂ‹вЂ‹вЂ‹вЂ‹вЂ‹вЂ‹AZ;NA-вЂ‹вЂ‹вЂ‹вЂ‹вЂ‹вЂ‹USA-вЂ‹вЂ‹вЂ‹вЂ‹вЂ‹вЂ‹CA;7247;-вЂ‹вЂ‹вЂ‹вЂ‹вЂ‹вЂ‹7247;2015-вЂ‹вЂ‹вЂ‹вЂ‹вЂ‹вЂ‹2017;[62];Estimate4
NA-вЂ‹вЂ‹вЂ‹вЂ‹вЂ‹вЂ‹USA-вЂ‹вЂ‹вЂ‹вЂ‹вЂ‹вЂ‹AZ;NA-вЂ‹вЂ‹вЂ‹вЂ‹вЂ‹вЂ‹USA-вЂ‹вЂ‹вЂ‹вЂ‹вЂ‹вЂ‹ER;0;0;2015-вЂ‹вЂ‹вЂ‹вЂ‹вЂ‹вЂ‹2017;[62];Estimate4
NA-вЂ‹вЂ‹вЂ‹вЂ‹вЂ‹вЂ‹USA-вЂ‹вЂ‹вЂ‹вЂ‹вЂ‹вЂ‹AZ;NA-вЂ‹вЂ‹вЂ‹вЂ‹вЂ‹вЂ‹USA-вЂ‹вЂ‹вЂ‹вЂ‹вЂ‹вЂ‹NW;2067;-вЂ‹вЂ‹вЂ‹вЂ‹вЂ‹вЂ‹2067;2015-вЂ‹вЂ‹вЂ‹вЂ‹вЂ‹вЂ‹2017;[62];Estimate4
NA-вЂ‹вЂ‹вЂ‹вЂ‹вЂ‹вЂ‹USA-вЂ‹вЂ‹вЂ‹вЂ‹вЂ‹вЂ‹AZ;NA-вЂ‹вЂ‹вЂ‹вЂ‹вЂ‹вЂ‹USA-вЂ‹вЂ‹вЂ‹вЂ‹вЂ‹вЂ‹RA;1960;-вЂ‹вЂ‹вЂ‹вЂ‹вЂ‹вЂ‹1960;2015-вЂ‹вЂ‹вЂ‹вЂ‹вЂ‹вЂ‹2017;[62];Estimate4
NA-вЂ‹вЂ‹вЂ‹вЂ‹вЂ‹вЂ‹USA-вЂ‹вЂ‹вЂ‹вЂ‹вЂ‹вЂ‹AZ;NA-вЂ‹вЂ‹вЂ‹вЂ‹вЂ‹вЂ‹USA-вЂ‹вЂ‹вЂ‹вЂ‹вЂ‹вЂ‹SS;400;-вЂ‹вЂ‹вЂ‹вЂ‹вЂ‹вЂ‹400;2015-вЂ‹вЂ‹вЂ‹вЂ‹вЂ‹вЂ‹2017;[63];
NA-вЂ‹вЂ‹вЂ‹вЂ‹вЂ‹вЂ‹USA-вЂ‹вЂ‹вЂ‹вЂ‹вЂ‹вЂ‹CA;NA-вЂ‹вЂ‹вЂ‹вЂ‹вЂ‹вЂ‹MEX;408;-вЂ‹вЂ‹вЂ‹вЂ‹вЂ‹вЂ‹408;2015-вЂ‹вЂ‹вЂ‹вЂ‹вЂ‹вЂ‹2017;[62];Estimate4
NA-вЂ‹вЂ‹вЂ‹вЂ‹вЂ‹вЂ‹USA-вЂ‹вЂ‹вЂ‹вЂ‹вЂ‹вЂ‹CA;NA-вЂ‹вЂ‹вЂ‹вЂ‹вЂ‹вЂ‹USA-вЂ‹вЂ‹вЂ‹вЂ‹вЂ‹вЂ‹NW;10211;-вЂ‹вЂ‹вЂ‹вЂ‹вЂ‹вЂ‹10211;2015-вЂ‹вЂ‹вЂ‹вЂ‹вЂ‹вЂ‹2017;[62];Estimate4
NA-вЂ‹вЂ‹вЂ‹вЂ‹вЂ‹вЂ‹USA-вЂ‹вЂ‹вЂ‹вЂ‹вЂ‹вЂ‹ER;NA-вЂ‹вЂ‹вЂ‹вЂ‹вЂ‹вЂ‹MEX;431;-вЂ‹вЂ‹вЂ‹вЂ‹вЂ‹вЂ‹431;2015-вЂ‹вЂ‹вЂ‹вЂ‹вЂ‹вЂ‹2017;[62];Estimate4
NA-вЂ‹вЂ‹вЂ‹вЂ‹вЂ‹вЂ‹USA-вЂ‹вЂ‹вЂ‹вЂ‹вЂ‹вЂ‹ER;NA-вЂ‹вЂ‹вЂ‹вЂ‹вЂ‹вЂ‹USA-вЂ‹вЂ‹вЂ‹вЂ‹вЂ‹вЂ‹SA;0;0;2015-вЂ‹вЂ‹вЂ‹вЂ‹вЂ‹вЂ‹2017;[62];Estimate4
NA-вЂ‹вЂ‹вЂ‹вЂ‹вЂ‹вЂ‹USA-вЂ‹вЂ‹вЂ‹вЂ‹вЂ‹вЂ‹ER;NA-вЂ‹вЂ‹вЂ‹вЂ‹вЂ‹вЂ‹USA-вЂ‹вЂ‹вЂ‹вЂ‹вЂ‹вЂ‹SS;834;-вЂ‹вЂ‹вЂ‹вЂ‹вЂ‹вЂ‹834;2015-вЂ‹вЂ‹вЂ‹вЂ‹вЂ‹вЂ‹2017;[62];Estimate4
NA-вЂ‹вЂ‹вЂ‹вЂ‹вЂ‹вЂ‹USA-вЂ‹вЂ‹вЂ‹вЂ‹вЂ‹вЂ‹FR;NA-вЂ‹вЂ‹вЂ‹вЂ‹вЂ‹вЂ‹USA-вЂ‹вЂ‹вЂ‹вЂ‹вЂ‹вЂ‹SE;3897;-вЂ‹вЂ‹вЂ‹вЂ‹вЂ‹вЂ‹3897;2015-вЂ‹вЂ‹вЂ‹вЂ‹вЂ‹вЂ‹2017;[62];Estimate4
NA-вЂ‹вЂ‹вЂ‹вЂ‹вЂ‹вЂ‹USA-вЂ‹вЂ‹вЂ‹вЂ‹вЂ‹вЂ‹ME;NA-вЂ‹вЂ‹вЂ‹вЂ‹вЂ‹вЂ‹USA-вЂ‹вЂ‹вЂ‹вЂ‹вЂ‹вЂ‹MW;3000;-вЂ‹вЂ‹вЂ‹вЂ‹вЂ‹вЂ‹3000;2015-вЂ‹вЂ‹вЂ‹вЂ‹вЂ‹вЂ‹2017;[62];Estimate6
NA-вЂ‹вЂ‹вЂ‹вЂ‹вЂ‹вЂ‹USA-вЂ‹вЂ‹вЂ‹вЂ‹вЂ‹вЂ‹NW;NA-вЂ‹вЂ‹вЂ‹вЂ‹вЂ‹вЂ‹CAN-вЂ‹вЂ‹вЂ‹вЂ‹вЂ‹вЂ‹SK;0;0;2015-вЂ‹вЂ‹вЂ‹вЂ‹вЂ‹вЂ‹2017;[62];Estimate4
NA-вЂ‹вЂ‹вЂ‹вЂ‹вЂ‹вЂ‹USA-вЂ‹вЂ‹вЂ‹вЂ‹вЂ‹вЂ‹NW;NA-вЂ‹вЂ‹вЂ‹вЂ‹вЂ‹вЂ‹USA-вЂ‹вЂ‹вЂ‹вЂ‹вЂ‹вЂ‹MW;187;-вЂ‹вЂ‹вЂ‹вЂ‹вЂ‹вЂ‹187;2015-вЂ‹вЂ‹вЂ‹вЂ‹вЂ‹вЂ‹2017;[62];Estimate4
NA-вЂ‹вЂ‹вЂ‹вЂ‹вЂ‹вЂ‹USA-вЂ‹вЂ‹вЂ‹вЂ‹вЂ‹вЂ‹NW;NA-вЂ‹вЂ‹вЂ‹вЂ‹вЂ‹вЂ‹USA-вЂ‹вЂ‹вЂ‹вЂ‹вЂ‹вЂ‹RA;1827;-вЂ‹вЂ‹вЂ‹вЂ‹вЂ‹вЂ‹1827;2015-вЂ‹вЂ‹вЂ‹вЂ‹вЂ‹вЂ‹2017;[62];Estimate4
NA-вЂ‹вЂ‹вЂ‹вЂ‹вЂ‹вЂ‹USA-вЂ‹вЂ‹вЂ‹вЂ‹вЂ‹вЂ‹NY;NA-вЂ‹вЂ‹вЂ‹вЂ‹вЂ‹вЂ‹USA-вЂ‹вЂ‹вЂ‹вЂ‹вЂ‹вЂ‹NE;1764;-вЂ‹вЂ‹вЂ‹вЂ‹вЂ‹вЂ‹1764;2015-вЂ‹вЂ‹вЂ‹вЂ‹вЂ‹вЂ‹2017;[62];Estimate4
NA-вЂ‹вЂ‹вЂ‹вЂ‹вЂ‹вЂ‹USA-вЂ‹вЂ‹вЂ‹вЂ‹вЂ‹вЂ‹RA;NA-вЂ‹вЂ‹вЂ‹вЂ‹вЂ‹вЂ‹USA-вЂ‹вЂ‹вЂ‹вЂ‹вЂ‹вЂ‹MW;432;-вЂ‹вЂ‹вЂ‹вЂ‹вЂ‹вЂ‹432;2015-вЂ‹вЂ‹вЂ‹вЂ‹вЂ‹вЂ‹2017;[62];Estimate4
NA-вЂ‹вЂ‹вЂ‹вЂ‹вЂ‹вЂ‹USA-вЂ‹вЂ‹вЂ‹вЂ‹вЂ‹вЂ‹RA;NA-вЂ‹вЂ‹вЂ‹вЂ‹вЂ‹вЂ‹USA-вЂ‹вЂ‹вЂ‹вЂ‹вЂ‹вЂ‹SN;210;-вЂ‹вЂ‹вЂ‹вЂ‹вЂ‹вЂ‹210;2015-вЂ‹вЂ‹вЂ‹вЂ‹вЂ‹вЂ‹2017;[63];
NA-вЂ‹вЂ‹вЂ‹вЂ‹вЂ‹вЂ‹USA-вЂ‹вЂ‹вЂ‹вЂ‹вЂ‹вЂ‹RA;NA-вЂ‹вЂ‹вЂ‹вЂ‹вЂ‹вЂ‹USA-вЂ‹вЂ‹вЂ‹вЂ‹вЂ‹вЂ‹SS;0;0;2015-вЂ‹вЂ‹вЂ‹вЂ‹вЂ‹вЂ‹2017;[62];Estimate4
NA-вЂ‹вЂ‹вЂ‹вЂ‹вЂ‹вЂ‹USA-вЂ‹вЂ‹вЂ‹вЂ‹вЂ‹вЂ‹RE;NA-вЂ‹вЂ‹вЂ‹вЂ‹вЂ‹вЂ‹USA-вЂ‹вЂ‹вЂ‹вЂ‹вЂ‹вЂ‹NY;4086;-вЂ‹вЂ‹вЂ‹вЂ‹вЂ‹вЂ‹4086;2015-вЂ‹вЂ‹вЂ‹вЂ‹вЂ‹вЂ‹2017;[53];
NA-вЂ‹вЂ‹вЂ‹вЂ‹вЂ‹вЂ‹USA-вЂ‹вЂ‹вЂ‹вЂ‹вЂ‹вЂ‹RE;NA-вЂ‹вЂ‹вЂ‹вЂ‹вЂ‹вЂ‹USA-вЂ‹вЂ‹вЂ‹вЂ‹вЂ‹вЂ‹SV;4529;-вЂ‹вЂ‹вЂ‹вЂ‹вЂ‹вЂ‹4529;2015-вЂ‹вЂ‹вЂ‹вЂ‹вЂ‹вЂ‹2017;[53];
NA-вЂ‹вЂ‹вЂ‹вЂ‹вЂ‹вЂ‹USA-вЂ‹вЂ‹вЂ‹вЂ‹вЂ‹вЂ‹RW;NA-вЂ‹вЂ‹вЂ‹вЂ‹вЂ‹вЂ‹USA-вЂ‹вЂ‹вЂ‹вЂ‹вЂ‹вЂ‹ME;1456;-вЂ‹вЂ‹вЂ‹вЂ‹вЂ‹вЂ‹1456;2015-вЂ‹вЂ‹вЂ‹вЂ‹вЂ‹вЂ‹2017;[53];
NA-вЂ‹вЂ‹вЂ‹вЂ‹вЂ‹вЂ‹USA-вЂ‹вЂ‹вЂ‹вЂ‹вЂ‹вЂ‹RW;NA-вЂ‹вЂ‹вЂ‹вЂ‹вЂ‹вЂ‹USA-вЂ‹вЂ‹вЂ‹вЂ‹вЂ‹вЂ‹MW;2196;-вЂ‹вЂ‹вЂ‹вЂ‹вЂ‹вЂ‹2196;2015-вЂ‹вЂ‹вЂ‹вЂ‹вЂ‹вЂ‹2017;[53];
NA-вЂ‹вЂ‹вЂ‹вЂ‹вЂ‹вЂ‹USA-вЂ‹вЂ‹вЂ‹вЂ‹вЂ‹вЂ‹RW;NA-вЂ‹вЂ‹вЂ‹вЂ‹вЂ‹вЂ‹USA-вЂ‹вЂ‹вЂ‹вЂ‹вЂ‹вЂ‹RE;6793;-вЂ‹вЂ‹вЂ‹вЂ‹вЂ‹вЂ‹6793;2015-вЂ‹вЂ‹вЂ‹вЂ‹вЂ‹вЂ‹2017;[53];
NA-вЂ‹вЂ‹вЂ‹вЂ‹вЂ‹вЂ‹USA-вЂ‹вЂ‹вЂ‹вЂ‹вЂ‹вЂ‹RW;NA-вЂ‹вЂ‹вЂ‹вЂ‹вЂ‹вЂ‹USA-вЂ‹вЂ‹вЂ‹вЂ‹вЂ‹вЂ‹RM;5320;-вЂ‹вЂ‹вЂ‹вЂ‹вЂ‹вЂ‹5320;2015-вЂ‹вЂ‹вЂ‹вЂ‹вЂ‹вЂ‹2017;[53];
NA-вЂ‹вЂ‹вЂ‹вЂ‹вЂ‹вЂ‹USA-вЂ‹вЂ‹вЂ‹вЂ‹вЂ‹вЂ‹RW;NA-вЂ‹вЂ‹вЂ‹вЂ‹вЂ‹вЂ‹USA-вЂ‹вЂ‹вЂ‹вЂ‹вЂ‹вЂ‹SV;7342;-вЂ‹вЂ‹вЂ‹вЂ‹вЂ‹вЂ‹7342;2015-вЂ‹вЂ‹вЂ‹вЂ‹вЂ‹вЂ‹2017;[53];
NA-вЂ‹вЂ‹вЂ‹вЂ‹вЂ‹вЂ‹USA-вЂ‹вЂ‹вЂ‹вЂ‹вЂ‹вЂ‹SA;NA-вЂ‹вЂ‹вЂ‹вЂ‹вЂ‹вЂ‹USA-вЂ‹вЂ‹вЂ‹вЂ‹вЂ‹вЂ‹SN;0;0;2015-вЂ‹вЂ‹вЂ‹вЂ‹вЂ‹вЂ‹2017;[62];Estimate4
NA-вЂ‹вЂ‹вЂ‹вЂ‹вЂ‹вЂ‹USA-вЂ‹вЂ‹вЂ‹вЂ‹вЂ‹вЂ‹SA;NA-вЂ‹вЂ‹вЂ‹вЂ‹вЂ‹вЂ‹USA-вЂ‹вЂ‹вЂ‹вЂ‹вЂ‹вЂ‹SW;3000;-вЂ‹вЂ‹вЂ‹вЂ‹вЂ‹вЂ‹3000;2015-вЂ‹вЂ‹вЂ‹вЂ‹вЂ‹вЂ‹2017;[62];Estimate6
NA-вЂ‹вЂ‹вЂ‹вЂ‹вЂ‹вЂ‹USA-вЂ‹вЂ‹вЂ‹вЂ‹вЂ‹вЂ‹SC;NA-вЂ‹вЂ‹вЂ‹вЂ‹вЂ‹вЂ‹USA-вЂ‹вЂ‹вЂ‹вЂ‹вЂ‹вЂ‹RW;4859;-вЂ‹вЂ‹вЂ‹вЂ‹вЂ‹вЂ‹4859;2015-вЂ‹вЂ‹вЂ‹вЂ‹вЂ‹вЂ‹2017;[62];Estimate4
NA-вЂ‹вЂ‹вЂ‹вЂ‹вЂ‹вЂ‹USA-вЂ‹вЂ‹вЂ‹вЂ‹вЂ‹вЂ‹SC;NA-вЂ‹вЂ‹вЂ‹вЂ‹вЂ‹вЂ‹USA-вЂ‹вЂ‹вЂ‹вЂ‹вЂ‹вЂ‹SA;2371;-вЂ‹вЂ‹вЂ‹вЂ‹вЂ‹вЂ‹2371;2015-вЂ‹вЂ‹вЂ‹вЂ‹вЂ‹вЂ‹2017;[62];Estimate4
NA-вЂ‹вЂ‹вЂ‹вЂ‹вЂ‹вЂ‹USA-вЂ‹вЂ‹вЂ‹вЂ‹вЂ‹вЂ‹SC;NA-вЂ‹вЂ‹вЂ‹вЂ‹вЂ‹вЂ‹USA-вЂ‹вЂ‹вЂ‹вЂ‹вЂ‹вЂ‹SV;592;-вЂ‹вЂ‹вЂ‹вЂ‹вЂ‹вЂ‹592;2015-вЂ‹вЂ‹вЂ‹вЂ‹вЂ‹вЂ‹2017;[62];Estimate4
NA-вЂ‹вЂ‹вЂ‹вЂ‹вЂ‹вЂ‹USA-вЂ‹вЂ‹вЂ‹вЂ‹вЂ‹вЂ‹SE;NA-вЂ‹вЂ‹вЂ‹вЂ‹вЂ‹вЂ‹USA-вЂ‹вЂ‹вЂ‹вЂ‹вЂ‹вЂ‹SA;2032;-вЂ‹вЂ‹вЂ‹вЂ‹вЂ‹вЂ‹2032;2015-вЂ‹вЂ‹вЂ‹вЂ‹вЂ‹вЂ‹2017;[62];Estimate4
NA-вЂ‹вЂ‹вЂ‹вЂ‹вЂ‹вЂ‹USA-вЂ‹вЂ‹вЂ‹вЂ‹вЂ‹вЂ‹SE;NA-вЂ‹вЂ‹вЂ‹вЂ‹вЂ‹вЂ‹USA-вЂ‹вЂ‹вЂ‹вЂ‹вЂ‹вЂ‹SC;4405;-вЂ‹вЂ‹вЂ‹вЂ‹вЂ‹вЂ‹4405;2015-вЂ‹вЂ‹вЂ‹вЂ‹вЂ‹вЂ‹2017;[62];Estimate4
NA-вЂ‹вЂ‹вЂ‹вЂ‹вЂ‹вЂ‹USA-вЂ‹вЂ‹вЂ‹вЂ‹вЂ‹вЂ‹SE;NA-вЂ‹вЂ‹вЂ‹вЂ‹вЂ‹вЂ‹USA-вЂ‹вЂ‹вЂ‹вЂ‹вЂ‹вЂ‹SV;4896;-вЂ‹вЂ‹вЂ‹вЂ‹вЂ‹вЂ‹4896;2015-вЂ‹вЂ‹вЂ‹вЂ‹вЂ‹вЂ‹2017;[62];Estimate4
NA-вЂ‹вЂ‹вЂ‹вЂ‹вЂ‹вЂ‹USA-вЂ‹вЂ‹вЂ‹вЂ‹вЂ‹вЂ‹SN;NA-вЂ‹вЂ‹вЂ‹вЂ‹вЂ‹вЂ‹USA-вЂ‹вЂ‹вЂ‹вЂ‹вЂ‹вЂ‹MW;2668;-вЂ‹вЂ‹вЂ‹вЂ‹вЂ‹вЂ‹2668;2015-вЂ‹вЂ‹вЂ‹вЂ‹вЂ‹вЂ‹2017;[63];Estimate5
NA-вЂ‹вЂ‹вЂ‹вЂ‹вЂ‹вЂ‹USA-вЂ‹вЂ‹вЂ‹вЂ‹вЂ‹вЂ‹SN;NA-вЂ‹вЂ‹вЂ‹вЂ‹вЂ‹вЂ‹USA-вЂ‹вЂ‹вЂ‹вЂ‹вЂ‹вЂ‹SW;6978;-вЂ‹вЂ‹вЂ‹вЂ‹вЂ‹вЂ‹6978;2015-вЂ‹вЂ‹вЂ‹вЂ‹вЂ‹вЂ‹2017;[63];
NA-вЂ‹вЂ‹вЂ‹вЂ‹вЂ‹вЂ‹USA-вЂ‹вЂ‹вЂ‹вЂ‹вЂ‹вЂ‹SS;NA-вЂ‹вЂ‹вЂ‹вЂ‹вЂ‹вЂ‹USA-вЂ‹вЂ‹вЂ‹вЂ‹вЂ‹вЂ‹SA;6889;-вЂ‹вЂ‹вЂ‹вЂ‹вЂ‹вЂ‹6889;2015-вЂ‹вЂ‹вЂ‹вЂ‹вЂ‹вЂ‹2017;[62];Estimate4
NA-вЂ‹вЂ‹вЂ‹вЂ‹вЂ‹вЂ‹USA-вЂ‹вЂ‹вЂ‹вЂ‹вЂ‹вЂ‹SS;NA-вЂ‹вЂ‹вЂ‹вЂ‹вЂ‹вЂ‹USA-вЂ‹вЂ‹вЂ‹вЂ‹вЂ‹вЂ‹SN;6889;-вЂ‹вЂ‹вЂ‹вЂ‹вЂ‹вЂ‹6889;2015-вЂ‹вЂ‹вЂ‹вЂ‹вЂ‹вЂ‹2017;[62];Estimate5
NA-вЂ‹вЂ‹вЂ‹вЂ‹вЂ‹вЂ‹USA-вЂ‹вЂ‹вЂ‹вЂ‹вЂ‹вЂ‹SW;NA-вЂ‹вЂ‹вЂ‹вЂ‹вЂ‹вЂ‹USA-вЂ‹вЂ‹вЂ‹вЂ‹вЂ‹вЂ‹MW;3000;-вЂ‹вЂ‹вЂ‹вЂ‹вЂ‹вЂ‹3000;2015-вЂ‹вЂ‹вЂ‹вЂ‹вЂ‹вЂ‹2017;[62];Estimate6
NA-вЂ‹вЂ‹вЂ‹вЂ‹вЂ‹вЂ‹USA-вЂ‹вЂ‹вЂ‹вЂ‹вЂ‹вЂ‹SW;NA-вЂ‹вЂ‹вЂ‹вЂ‹вЂ‹вЂ‹USA-вЂ‹вЂ‹вЂ‹вЂ‹вЂ‹вЂ‹RW;6295;-вЂ‹вЂ‹вЂ‹вЂ‹вЂ‹вЂ‹6295;2015-вЂ‹вЂ‹вЂ‹вЂ‹вЂ‹вЂ‹2017;[62];Estimate6
NA-вЂ‹вЂ‹вЂ‹вЂ‹вЂ‹вЂ‹USA-вЂ‹вЂ‹вЂ‹вЂ‹вЂ‹вЂ‹SW;NA-вЂ‹вЂ‹вЂ‹вЂ‹вЂ‹вЂ‹USA-вЂ‹вЂ‹вЂ‹вЂ‹вЂ‹вЂ‹SC;2970;-вЂ‹вЂ‹вЂ‹вЂ‹вЂ‹вЂ‹2970;2015-вЂ‹вЂ‹вЂ‹вЂ‹вЂ‹вЂ‹2017;[62];Estimate4
OC-вЂ‹вЂ‹вЂ‹вЂ‹вЂ‹вЂ‹AUS-вЂ‹вЂ‹вЂ‹вЂ‹вЂ‹вЂ‹NT;OC-вЂ‹вЂ‹вЂ‹вЂ‹вЂ‹вЂ‹AUS-вЂ‹вЂ‹вЂ‹вЂ‹вЂ‹вЂ‹QL;0;0;2019;[6];
OC-вЂ‹вЂ‹вЂ‹вЂ‹вЂ‹вЂ‹AUS-вЂ‹вЂ‹вЂ‹вЂ‹вЂ‹вЂ‹NT;OC-вЂ‹вЂ‹вЂ‹вЂ‹вЂ‹вЂ‹AUS-вЂ‹вЂ‹вЂ‹вЂ‹вЂ‹вЂ‹SA;0;0;2019;[6];
OC-вЂ‹вЂ‹вЂ‹вЂ‹вЂ‹вЂ‹AUS-вЂ‹вЂ‹вЂ‹вЂ‹вЂ‹вЂ‹NT;OC-вЂ‹вЂ‹вЂ‹вЂ‹вЂ‹вЂ‹AUS-вЂ‹вЂ‹вЂ‹вЂ‹вЂ‹вЂ‹WA;0;0;2019;[6];
OC-вЂ‹вЂ‹вЂ‹вЂ‹вЂ‹вЂ‹AUS-вЂ‹вЂ‹вЂ‹вЂ‹вЂ‹вЂ‹QL;OC-вЂ‹вЂ‹вЂ‹вЂ‹вЂ‹вЂ‹AUS-вЂ‹вЂ‹вЂ‹вЂ‹вЂ‹вЂ‹SA;0;0;2019;[6];
OC-вЂ‹вЂ‹вЂ‹вЂ‹вЂ‹вЂ‹AUS-вЂ‹вЂ‹вЂ‹вЂ‹вЂ‹вЂ‹QL;OC-вЂ‹вЂ‹вЂ‹вЂ‹вЂ‹вЂ‹AUS-вЂ‹вЂ‹вЂ‹вЂ‹вЂ‹вЂ‹SW;1288;-вЂ‹вЂ‹вЂ‹вЂ‹вЂ‹вЂ‹707;2017;[5];
OC-вЂ‹вЂ‹вЂ‹вЂ‹вЂ‹вЂ‹AUS-вЂ‹вЂ‹вЂ‹вЂ‹вЂ‹вЂ‹SA;OC-вЂ‹вЂ‹вЂ‹вЂ‹вЂ‹вЂ‹AUS-вЂ‹вЂ‹вЂ‹вЂ‹вЂ‹вЂ‹SW;0;0;2019;[6];
OC-вЂ‹вЂ‹вЂ‹вЂ‹вЂ‹вЂ‹AUS-вЂ‹вЂ‹вЂ‹вЂ‹вЂ‹вЂ‹SA;OC-вЂ‹вЂ‹вЂ‹вЂ‹вЂ‹вЂ‹AUS-вЂ‹вЂ‹вЂ‹вЂ‹вЂ‹вЂ‹VI;660;-вЂ‹вЂ‹вЂ‹вЂ‹вЂ‹вЂ‹680;2017;[5];
OC-вЂ‹вЂ‹вЂ‹вЂ‹вЂ‹вЂ‹AUS-вЂ‹вЂ‹вЂ‹вЂ‹вЂ‹вЂ‹SA;OC-вЂ‹вЂ‹вЂ‹вЂ‹вЂ‹вЂ‹AUS-вЂ‹вЂ‹вЂ‹вЂ‹вЂ‹вЂ‹WA;0;0;2019;[6];
OC-вЂ‹вЂ‹вЂ‹вЂ‹вЂ‹вЂ‹AUS-вЂ‹вЂ‹вЂ‹вЂ‹вЂ‹вЂ‹SW;OC-вЂ‹вЂ‹вЂ‹вЂ‹вЂ‹вЂ‹AUS-вЂ‹вЂ‹вЂ‹вЂ‹вЂ‹вЂ‹VI;1350;-вЂ‹вЂ‹вЂ‹вЂ‹вЂ‹вЂ‹1600;2017;[5];
OC-вЂ‹вЂ‹вЂ‹вЂ‹вЂ‹вЂ‹AUS-вЂ‹вЂ‹вЂ‹вЂ‹вЂ‹вЂ‹TA;OC-вЂ‹вЂ‹вЂ‹вЂ‹вЂ‹вЂ‹AUS-вЂ‹вЂ‹вЂ‹вЂ‹вЂ‹вЂ‹VI;594;-вЂ‹вЂ‹вЂ‹вЂ‹вЂ‹вЂ‹478;2017;[5];
SA-вЂ‹вЂ‹вЂ‹вЂ‹вЂ‹вЂ‹ARG;SA-вЂ‹вЂ‹вЂ‹вЂ‹вЂ‹вЂ‹BOL;0;0;2015;[161];
SA-вЂ‹вЂ‹вЂ‹вЂ‹вЂ‹вЂ‹ARG;SA-вЂ‹вЂ‹вЂ‹вЂ‹вЂ‹вЂ‹BRA-вЂ‹вЂ‹вЂ‹вЂ‹вЂ‹вЂ‹SO;2250;-вЂ‹вЂ‹вЂ‹вЂ‹вЂ‹вЂ‹2250;2015;[161];
SA-вЂ‹вЂ‹вЂ‹вЂ‹вЂ‹вЂ‹ARG;SA-вЂ‹вЂ‹вЂ‹вЂ‹вЂ‹вЂ‹CHL;633;-вЂ‹вЂ‹вЂ‹вЂ‹вЂ‹вЂ‹633;2015;[161];
SA-вЂ‹вЂ‹вЂ‹вЂ‹вЂ‹вЂ‹ARG;SA-вЂ‹вЂ‹вЂ‹вЂ‹вЂ‹вЂ‹PRY;3320;-вЂ‹вЂ‹вЂ‹вЂ‹вЂ‹вЂ‹3320;2015;[161];
SA-вЂ‹вЂ‹вЂ‹вЂ‹вЂ‹вЂ‹ARG;SA-вЂ‹вЂ‹вЂ‹вЂ‹вЂ‹вЂ‹URY;3276;-вЂ‹вЂ‹вЂ‹вЂ‹вЂ‹вЂ‹3276;2015;[161];
SA-вЂ‹вЂ‹вЂ‹вЂ‹вЂ‹вЂ‹BOL;SA-вЂ‹вЂ‹вЂ‹вЂ‹вЂ‹вЂ‹BRA-вЂ‹вЂ‹вЂ‹вЂ‹вЂ‹вЂ‹CW;0;0;2015;[161];
SA-вЂ‹вЂ‹вЂ‹вЂ‹вЂ‹вЂ‹BOL;SA-вЂ‹вЂ‹вЂ‹вЂ‹вЂ‹вЂ‹BRA-вЂ‹вЂ‹вЂ‹вЂ‹вЂ‹вЂ‹WE;0;0;2015;[161];
SA-вЂ‹вЂ‹вЂ‹вЂ‹вЂ‹вЂ‹BOL;SA-вЂ‹вЂ‹вЂ‹вЂ‹вЂ‹вЂ‹CHL;0;0;2015;[161];
SA-вЂ‹вЂ‹вЂ‹вЂ‹вЂ‹вЂ‹BOL;SA-вЂ‹вЂ‹вЂ‹вЂ‹вЂ‹вЂ‹PER;0;0;2015;[161];
SA-вЂ‹вЂ‹вЂ‹вЂ‹вЂ‹вЂ‹BOL;SA-вЂ‹вЂ‹вЂ‹вЂ‹вЂ‹вЂ‹PRY;0;0;2015;[161];
SA-вЂ‹вЂ‹вЂ‹вЂ‹вЂ‹вЂ‹BRA-вЂ‹вЂ‹вЂ‹вЂ‹вЂ‹вЂ‹CN;SA-вЂ‹вЂ‹вЂ‹вЂ‹вЂ‹вЂ‹BRA-вЂ‹вЂ‹вЂ‹вЂ‹вЂ‹вЂ‹CW;0;0;2017;[9];
SA-вЂ‹вЂ‹вЂ‹вЂ‹вЂ‹вЂ‹BRA-вЂ‹вЂ‹вЂ‹вЂ‹вЂ‹вЂ‹CN;SA-вЂ‹вЂ‹вЂ‹вЂ‹вЂ‹вЂ‹BRA-вЂ‹вЂ‹вЂ‹вЂ‹вЂ‹вЂ‹J2;8518;-вЂ‹вЂ‹вЂ‹вЂ‹вЂ‹вЂ‹8518;2017;[9];
SA-вЂ‹вЂ‹вЂ‹вЂ‹вЂ‹вЂ‹BRA-вЂ‹вЂ‹вЂ‹вЂ‹вЂ‹вЂ‹CN;SA-вЂ‹вЂ‹вЂ‹вЂ‹вЂ‹вЂ‹BRA-вЂ‹вЂ‹вЂ‹вЂ‹вЂ‹вЂ‹J3;13700;-вЂ‹вЂ‹вЂ‹вЂ‹вЂ‹вЂ‹13700;2017;[9];
SA-вЂ‹вЂ‹вЂ‹вЂ‹вЂ‹вЂ‹BRA-вЂ‹вЂ‹вЂ‹вЂ‹вЂ‹вЂ‹CN;SA-вЂ‹вЂ‹вЂ‹вЂ‹вЂ‹вЂ‹BRA-вЂ‹вЂ‹вЂ‹вЂ‹вЂ‹вЂ‹NE;0;0;2017;[9];
SA-вЂ‹вЂ‹вЂ‹вЂ‹вЂ‹вЂ‹BRA-вЂ‹вЂ‹вЂ‹вЂ‹вЂ‹вЂ‹CN;SA-вЂ‹вЂ‹вЂ‹вЂ‹вЂ‹вЂ‹BRA-вЂ‹вЂ‹вЂ‹вЂ‹вЂ‹вЂ‹NW;0;0;2017;[9];
SA-вЂ‹вЂ‹вЂ‹вЂ‹вЂ‹вЂ‹BRA-вЂ‹вЂ‹вЂ‹вЂ‹вЂ‹вЂ‹CN;SA-вЂ‹вЂ‹вЂ‹вЂ‹вЂ‹вЂ‹GUY;0;0;2015;[161];
SA-вЂ‹вЂ‹вЂ‹вЂ‹вЂ‹вЂ‹BRA-вЂ‹вЂ‹вЂ‹вЂ‹вЂ‹вЂ‹CW;SA-вЂ‹вЂ‹вЂ‹вЂ‹вЂ‹вЂ‹BRA-вЂ‹вЂ‹вЂ‹вЂ‹вЂ‹вЂ‹J2;5598;-вЂ‹вЂ‹вЂ‹вЂ‹вЂ‹вЂ‹5380;2017;[9];
SA-вЂ‹вЂ‹вЂ‹вЂ‹вЂ‹вЂ‹BRA-вЂ‹вЂ‹вЂ‹вЂ‹вЂ‹вЂ‹CW;SA-вЂ‹вЂ‹вЂ‹вЂ‹вЂ‹вЂ‹BRA-вЂ‹вЂ‹вЂ‹вЂ‹вЂ‹вЂ‹NE;0;0;2017;[9];
SA-вЂ‹вЂ‹вЂ‹вЂ‹вЂ‹вЂ‹BRA-вЂ‹вЂ‹вЂ‹вЂ‹вЂ‹вЂ‹CW;SA-вЂ‹вЂ‹вЂ‹вЂ‹вЂ‹вЂ‹BRA-вЂ‹вЂ‹вЂ‹вЂ‹вЂ‹вЂ‹NW;0;0;2017;[9];
SA-вЂ‹вЂ‹вЂ‹вЂ‹вЂ‹вЂ‹BRA-вЂ‹вЂ‹вЂ‹вЂ‹вЂ‹вЂ‹CW;SA-вЂ‹вЂ‹вЂ‹вЂ‹вЂ‹вЂ‹BRA-вЂ‹вЂ‹вЂ‹вЂ‹вЂ‹вЂ‹SE;15000;-вЂ‹вЂ‹вЂ‹вЂ‹вЂ‹вЂ‹15000;2017;[9];
SA-вЂ‹вЂ‹вЂ‹вЂ‹вЂ‹вЂ‹BRA-вЂ‹вЂ‹вЂ‹вЂ‹вЂ‹вЂ‹CW;SA-вЂ‹вЂ‹вЂ‹вЂ‹вЂ‹вЂ‹BRA-вЂ‹вЂ‹вЂ‹вЂ‹вЂ‹вЂ‹SO;0;0;2017;[9];
SA-вЂ‹вЂ‹вЂ‹вЂ‹вЂ‹вЂ‹BRA-вЂ‹вЂ‹вЂ‹вЂ‹вЂ‹вЂ‹CW;SA-вЂ‹вЂ‹вЂ‹вЂ‹вЂ‹вЂ‹BRA-вЂ‹вЂ‹вЂ‹вЂ‹вЂ‹вЂ‹WE;7092;-вЂ‹вЂ‹вЂ‹вЂ‹вЂ‹вЂ‹7092;2017;[9];
SA-вЂ‹вЂ‹вЂ‹вЂ‹вЂ‹вЂ‹BRA-вЂ‹вЂ‹вЂ‹вЂ‹вЂ‹вЂ‹CW;SA-вЂ‹вЂ‹вЂ‹вЂ‹вЂ‹вЂ‹PRY;0;0;2015;[161];
SA-вЂ‹вЂ‹вЂ‹вЂ‹вЂ‹вЂ‹BRA-вЂ‹вЂ‹вЂ‹вЂ‹вЂ‹вЂ‹J1;SA-вЂ‹вЂ‹вЂ‹вЂ‹вЂ‹вЂ‹BRA-вЂ‹вЂ‹вЂ‹вЂ‹вЂ‹вЂ‹SE;6800;-вЂ‹вЂ‹вЂ‹вЂ‹вЂ‹вЂ‹6800;2017;[9];
SA-вЂ‹вЂ‹вЂ‹вЂ‹вЂ‹вЂ‹BRA-вЂ‹вЂ‹вЂ‹вЂ‹вЂ‹вЂ‹J1;SA-вЂ‹вЂ‹вЂ‹вЂ‹вЂ‹вЂ‹BRA-вЂ‹вЂ‹вЂ‹вЂ‹вЂ‹вЂ‹SO;8726;-вЂ‹вЂ‹вЂ‹вЂ‹вЂ‹вЂ‹8617;2017;[9];
SA-вЂ‹вЂ‹вЂ‹вЂ‹вЂ‹вЂ‹BRA-вЂ‹вЂ‹вЂ‹вЂ‹вЂ‹вЂ‹J2;SA-вЂ‹вЂ‹вЂ‹вЂ‹вЂ‹вЂ‹BRA-вЂ‹вЂ‹вЂ‹вЂ‹вЂ‹вЂ‹J3;4115;-вЂ‹вЂ‹вЂ‹вЂ‹вЂ‹вЂ‹4115;2017;[9];
SA-вЂ‹вЂ‹вЂ‹вЂ‹вЂ‹вЂ‹BRA-вЂ‹вЂ‹вЂ‹вЂ‹вЂ‹вЂ‹J2;SA-вЂ‹вЂ‹вЂ‹вЂ‹вЂ‹вЂ‹BRA-вЂ‹вЂ‹вЂ‹вЂ‹вЂ‹вЂ‹NE;8200;-вЂ‹вЂ‹вЂ‹вЂ‹вЂ‹вЂ‹4849;2017;[9];
SA-вЂ‹вЂ‹вЂ‹вЂ‹вЂ‹вЂ‹BRA-вЂ‹вЂ‹вЂ‹вЂ‹вЂ‹вЂ‹J3;SA-вЂ‹вЂ‹вЂ‹вЂ‹вЂ‹вЂ‹BRA-вЂ‹вЂ‹вЂ‹вЂ‹вЂ‹вЂ‹NW;2700;-вЂ‹вЂ‹вЂ‹вЂ‹вЂ‹вЂ‹2700;2017;[9];
SA-вЂ‹вЂ‹вЂ‹вЂ‹вЂ‹вЂ‹BRA-вЂ‹вЂ‹вЂ‹вЂ‹вЂ‹вЂ‹J3;SA-вЂ‹вЂ‹вЂ‹вЂ‹вЂ‹вЂ‹BRA-вЂ‹вЂ‹вЂ‹вЂ‹вЂ‹вЂ‹SE;8000;-вЂ‹вЂ‹вЂ‹вЂ‹вЂ‹вЂ‹8000;2017;[9];
SA-вЂ‹вЂ‹вЂ‹вЂ‹вЂ‹вЂ‹BRA-вЂ‹вЂ‹вЂ‹вЂ‹вЂ‹вЂ‹NE;SA-вЂ‹вЂ‹вЂ‹вЂ‹вЂ‹вЂ‹BRA-вЂ‹вЂ‹вЂ‹вЂ‹вЂ‹вЂ‹SE;6936;-вЂ‹вЂ‹вЂ‹вЂ‹вЂ‹вЂ‹6500;2017;[9];
SA-вЂ‹вЂ‹вЂ‹вЂ‹вЂ‹вЂ‹BRA-вЂ‹вЂ‹вЂ‹вЂ‹вЂ‹вЂ‹NW;SA-вЂ‹вЂ‹вЂ‹вЂ‹вЂ‹вЂ‹BRA-вЂ‹вЂ‹вЂ‹вЂ‹вЂ‹вЂ‹WE;0;0;2017;[9];
SA-вЂ‹вЂ‹вЂ‹вЂ‹вЂ‹вЂ‹BRA-вЂ‹вЂ‹вЂ‹вЂ‹вЂ‹вЂ‹NW;SA-вЂ‹вЂ‹вЂ‹вЂ‹вЂ‹вЂ‹COL;0;0;2015;[161];
SA-вЂ‹вЂ‹вЂ‹вЂ‹вЂ‹вЂ‹BRA-вЂ‹вЂ‹вЂ‹вЂ‹вЂ‹вЂ‹NW;SA-вЂ‹вЂ‹вЂ‹вЂ‹вЂ‹вЂ‹GUF;0;0;2015;[161];
SA-вЂ‹вЂ‹вЂ‹вЂ‹вЂ‹вЂ‹BRA-вЂ‹вЂ‹вЂ‹вЂ‹вЂ‹вЂ‹NW;SA-вЂ‹вЂ‹вЂ‹вЂ‹вЂ‹вЂ‹GUY;0;0;2015;[161];
SA-вЂ‹вЂ‹вЂ‹вЂ‹вЂ‹вЂ‹BRA-вЂ‹вЂ‹вЂ‹вЂ‹вЂ‹вЂ‹NW;SA-вЂ‹вЂ‹вЂ‹вЂ‹вЂ‹вЂ‹PER;0;0;2015;[161];
SA-вЂ‹вЂ‹вЂ‹вЂ‹вЂ‹вЂ‹BRA-вЂ‹вЂ‹вЂ‹вЂ‹вЂ‹вЂ‹NW;SA-вЂ‹вЂ‹вЂ‹вЂ‹вЂ‹вЂ‹VEN;200;-вЂ‹вЂ‹вЂ‹вЂ‹вЂ‹вЂ‹200;2015;[161];
SA-вЂ‹вЂ‹вЂ‹вЂ‹вЂ‹вЂ‹BRA-вЂ‹вЂ‹вЂ‹вЂ‹вЂ‹вЂ‹SE;SA-вЂ‹вЂ‹вЂ‹вЂ‹вЂ‹вЂ‹BRA-вЂ‹вЂ‹вЂ‹вЂ‹вЂ‹вЂ‹SO;14920;-вЂ‹вЂ‹вЂ‹вЂ‹вЂ‹вЂ‹14608;2017;[9];
SA-вЂ‹вЂ‹вЂ‹вЂ‹вЂ‹вЂ‹BRA-вЂ‹вЂ‹вЂ‹вЂ‹вЂ‹вЂ‹SO;SA-вЂ‹вЂ‹вЂ‹вЂ‹вЂ‹вЂ‹PRY;7000;-вЂ‹вЂ‹вЂ‹вЂ‹вЂ‹вЂ‹7000;2015;[161];
SA-вЂ‹вЂ‹вЂ‹вЂ‹вЂ‹вЂ‹BRA-вЂ‹вЂ‹вЂ‹вЂ‹вЂ‹вЂ‹SO;SA-вЂ‹вЂ‹вЂ‹вЂ‹вЂ‹вЂ‹URY;570;-вЂ‹вЂ‹вЂ‹вЂ‹вЂ‹вЂ‹570;2015;[161];
SA-вЂ‹вЂ‹вЂ‹вЂ‹вЂ‹вЂ‹BRA-вЂ‹вЂ‹вЂ‹вЂ‹вЂ‹вЂ‹WE;SA-вЂ‹вЂ‹вЂ‹вЂ‹вЂ‹вЂ‹PER;0;0;2015;[161];
SA-вЂ‹вЂ‹вЂ‹вЂ‹вЂ‹вЂ‹CHL;SA-вЂ‹вЂ‹вЂ‹вЂ‹вЂ‹вЂ‹PER;0;0;2015;[161];
SA-вЂ‹вЂ‹вЂ‹вЂ‹вЂ‹вЂ‹COL;NA-вЂ‹вЂ‹вЂ‹вЂ‹вЂ‹вЂ‹PAN;0;0;2015;[161];
SA-вЂ‹вЂ‹вЂ‹вЂ‹вЂ‹вЂ‹COL;SA-вЂ‹вЂ‹вЂ‹вЂ‹вЂ‹вЂ‹ECU;613;-вЂ‹вЂ‹вЂ‹вЂ‹вЂ‹вЂ‹613;2015;[161];
SA-вЂ‹вЂ‹вЂ‹вЂ‹вЂ‹вЂ‹COL;SA-вЂ‹вЂ‹вЂ‹вЂ‹вЂ‹вЂ‹PER;0;0;2015;[161];
SA-вЂ‹вЂ‹вЂ‹вЂ‹вЂ‹вЂ‹COL;SA-вЂ‹вЂ‹вЂ‹вЂ‹вЂ‹вЂ‹VEN;394;-вЂ‹вЂ‹вЂ‹вЂ‹вЂ‹вЂ‹394;2015;[161];
SA-вЂ‹вЂ‹вЂ‹вЂ‹вЂ‹вЂ‹ECU;SA-вЂ‹вЂ‹вЂ‹вЂ‹вЂ‹вЂ‹PER;110;-вЂ‹вЂ‹вЂ‹вЂ‹вЂ‹вЂ‹110;2015;[161];
SA-вЂ‹вЂ‹вЂ‹вЂ‹вЂ‹вЂ‹GUY;SA-вЂ‹вЂ‹вЂ‹вЂ‹вЂ‹вЂ‹VEN;0;0;2015;[161];
